-- --------------------------------------------------------
-- Host:                         127.0.0.1
-- Server version:               8.0.30 - MySQL Community Server - GPL
-- Server OS:                    Win64
-- HeidiSQL Version:             12.1.0.6537
-- --------------------------------------------------------

/*!40101 SET @OLD_CHARACTER_SET_CLIENT=@@CHARACTER_SET_CLIENT */;
/*!40101 SET NAMES utf8 */;
/*!50503 SET NAMES utf8mb4 */;
/*!40103 SET @OLD_TIME_ZONE=@@TIME_ZONE */;
/*!40103 SET TIME_ZONE='+00:00' */;
/*!40014 SET @OLD_FOREIGN_KEY_CHECKS=@@FOREIGN_KEY_CHECKS, FOREIGN_KEY_CHECKS=0 */;
/*!40101 SET @OLD_SQL_MODE=@@SQL_MODE, SQL_MODE='NO_AUTO_VALUE_ON_ZERO' */;
/*!40111 SET @OLD_SQL_NOTES=@@SQL_NOTES, SQL_NOTES=0 */;


-- Dumping database structure for payroll
CREATE DATABASE IF NOT EXISTS `payroll` /*!40100 DEFAULT CHARACTER SET utf8mb4 COLLATE utf8mb4_0900_ai_ci */ /*!80016 DEFAULT ENCRYPTION='N' */;
USE `payroll`;

-- Dumping structure for table payroll.allowances
CREATE TABLE IF NOT EXISTS `allowances` (
  `allowance_id` int NOT NULL AUTO_INCREMENT,
  `allowance_name` varchar(50) DEFAULT NULL,
  `allowance_rate` int DEFAULT NULL,
  `is_deleted` tinyint(1) DEFAULT '0',
  `created_at` timestamp NULL DEFAULT CURRENT_TIMESTAMP,
  `allowance_status` varchar(20) DEFAULT 'off',
  PRIMARY KEY (`allowance_id`)
) ENGINE=InnoDB AUTO_INCREMENT=6 DEFAULT CHARSET=utf8mb4 COLLATE=utf8mb4_0900_ai_ci;

-- Dumping data for table payroll.allowances: ~1 rows (approximately)
REPLACE INTO `allowances` (`allowance_id`, `allowance_name`, `allowance_rate`, `is_deleted`, `created_at`, `allowance_status`) VALUES
	(2, 'Food Allowance', 100, 0, '2025-02-18 14:30:58', 'on'),
	(4, 'Transportation', 300, 1, '2025-02-20 16:19:47', 'on'),
	(5, NULL, NULL, 1, '2025-03-20 15:38:52', 'off');

-- Dumping structure for table payroll.attendances
CREATE TABLE IF NOT EXISTS `attendances` (
  `attendance_id` int NOT NULL AUTO_INCREMENT,
  `employee_id` int DEFAULT NULL,
  `attendance_status` varchar(50) DEFAULT NULL,
  `attendance_date` timestamp NULL DEFAULT NULL,
  `created_at` timestamp NULL DEFAULT CURRENT_TIMESTAMP,
  `is_deleted` tinyint(1) DEFAULT '0',
  `time_in_1` time DEFAULT NULL,
  `time_out_1` time DEFAULT NULL,
  `time_in_2` time DEFAULT NULL,
  `time_out_2` time DEFAULT NULL,
  `total_worked_minutes` int DEFAULT '0',
  `total_late_minutes` int DEFAULT '0',
  `Overtime` int DEFAULT '0',
  PRIMARY KEY (`attendance_id`),
  KEY `employee_id` (`employee_id`),
  CONSTRAINT `attendances_ibfk_1` FOREIGN KEY (`employee_id`) REFERENCES `employees` (`employee_id`)
) ENGINE=InnoDB AUTO_INCREMENT=155 DEFAULT CHARSET=utf8mb4 COLLATE=utf8mb4_0900_ai_ci;

-- Dumping data for table payroll.attendances: ~119 rows (approximately)
REPLACE INTO `attendances` (`attendance_id`, `employee_id`, `attendance_status`, `attendance_date`, `created_at`, `is_deleted`, `time_in_1`, `time_out_1`, `time_in_2`, `time_out_2`, `total_worked_minutes`, `total_late_minutes`, `Overtime`) VALUES
	(2, 4, 'On time', '2025-02-15 16:00:00', '2025-02-20 15:04:56', 0, '07:15:00', '12:15:00', '13:15:00', '16:15:00', 480, 0, 0),
	(3, 5, 'On time', '2025-02-15 16:00:00', '2025-02-20 15:04:56', 0, '07:15:00', '12:15:00', '13:15:00', '16:15:00', 480, 0, 0),
	(4, 6, 'On time', '2025-02-15 16:00:00', '2025-02-20 15:04:56', 0, '07:15:00', '12:15:00', '13:15:00', '16:15:00', 480, 0, 0),
	(5, 8, 'On time', '2025-02-15 16:00:00', '2025-02-20 15:04:56', 0, '07:15:00', '12:15:00', '13:15:00', '16:15:00', 480, 0, 0),
	(6, 9, 'On time', '2025-02-15 16:00:00', '2025-02-20 15:04:56', 0, '07:15:00', '12:15:00', '13:15:00', '16:15:00', 480, 0, 0),
	(7, 2, 'On time', '2025-02-16 16:00:00', '2025-02-20 15:04:56', 0, '07:15:00', '12:15:00', '13:15:00', '16:15:00', 480, 0, 0),
	(8, 4, 'On time', '2025-02-16 16:00:00', '2025-02-20 15:04:56', 0, '07:15:00', '12:15:00', '13:15:00', '16:15:00', 480, 0, 0),
	(9, 5, 'On time', '2025-02-16 16:00:00', '2025-02-20 15:04:57', 0, '07:15:00', '12:15:00', '13:15:00', '16:15:00', 480, 0, 0),
	(10, 6, 'On time', '2025-02-16 16:00:00', '2025-02-20 15:04:57', 0, '07:15:00', '12:15:00', '13:15:00', '16:15:00', 480, 0, 0),
	(11, 7, 'On time', '2025-02-16 16:00:00', '2025-02-20 15:04:57', 0, '07:15:00', '12:15:00', '13:15:00', '16:15:00', 480, 0, 0),
	(12, 8, 'On time', '2025-02-16 16:00:00', '2025-02-20 15:04:57', 0, '07:15:00', '12:15:00', '13:15:00', '16:15:00', 480, 0, 0),
	(13, 9, 'On time', '2025-02-16 16:00:00', '2025-02-20 15:04:57', 0, '07:15:00', '12:15:00', '13:15:00', '16:15:00', 480, 0, 0),
	(14, 2, 'On time', '2025-02-17 16:00:00', '2025-02-20 15:04:57', 0, '07:15:00', '12:15:00', '13:15:00', '16:15:00', 480, 0, 0),
	(15, 4, 'On time', '2025-02-17 16:00:00', '2025-02-20 15:04:57', 0, '07:15:00', '12:15:00', '13:15:00', '16:15:00', 480, 0, 0),
	(16, 5, 'On time', '2025-02-17 16:00:00', '2025-02-20 15:04:57', 0, '07:15:00', '12:15:00', '13:15:00', '16:15:00', 480, 0, 0),
	(17, 6, 'On time', '2025-02-17 16:00:00', '2025-02-20 15:04:57', 0, '07:15:00', '12:15:00', '13:15:00', '16:15:00', 480, 0, 0),
	(18, 7, 'On time', '2025-02-17 16:00:00', '2025-02-20 15:04:57', 0, '07:15:00', '12:15:00', '13:15:00', '16:15:00', 480, 0, 0),
	(19, 8, 'On time', '2025-02-17 16:00:00', '2025-02-20 15:04:57', 0, '07:15:00', '12:15:00', '13:15:00', '16:15:00', 480, 0, 0),
	(20, 9, 'On time', '2025-02-17 16:00:00', '2025-02-20 15:04:57', 0, '07:15:00', '12:15:00', '13:15:00', '16:15:00', 480, 0, 0),
	(21, 2, 'On time', '2025-02-18 16:00:00', '2025-02-20 15:04:57', 0, '07:15:00', '12:15:00', '13:15:00', '16:15:00', 480, 0, 0),
	(22, 4, 'On time', '2025-02-18 16:00:00', '2025-02-20 15:04:57', 0, '07:15:00', '12:15:00', '13:15:00', '16:15:00', 480, 0, 0),
	(23, 5, 'On time', '2025-02-18 16:00:00', '2025-02-20 15:04:57', 0, '07:15:00', '12:15:00', '13:15:00', '16:15:00', 480, 0, 0),
	(24, 6, 'On time', '2025-02-18 16:00:00', '2025-02-20 15:04:57', 0, '07:15:00', '12:15:00', '13:15:00', '16:15:00', 480, 0, 0),
	(25, 7, 'On time', '2025-02-18 16:00:00', '2025-02-20 15:04:57', 0, '07:15:00', '12:15:00', '13:15:00', '16:15:00', 480, 0, 0),
	(26, 8, 'On time', '2025-02-18 16:00:00', '2025-02-20 15:04:57', 0, '07:15:00', '12:15:00', '13:15:00', '16:15:00', 480, 0, 0),
	(27, 9, 'On time', '2025-02-18 16:00:00', '2025-02-20 15:04:57', 0, '07:15:00', '12:15:00', '13:15:00', '16:15:00', 480, 0, 0),
	(30, 5, 'On time', '2025-02-19 16:00:00', '2025-02-20 15:04:57', 0, '07:15:00', '12:15:00', '13:15:00', '16:15:00', 480, 0, 0),
	(31, 6, 'On time', '2025-02-19 16:00:00', '2025-02-20 15:04:57', 0, '07:15:00', '12:15:00', '13:15:00', '16:15:00', 480, 0, 0),
	(32, 7, 'On time', '2025-02-19 16:00:00', '2025-02-20 15:04:57', 0, '07:15:00', '12:15:00', '13:15:00', '16:15:00', 480, 0, 0),
	(33, 8, 'On time', '2025-02-19 16:00:00', '2025-02-20 15:04:57', 0, '07:15:00', '12:15:00', '13:15:00', '16:15:00', 480, 0, 0),
	(34, 9, 'On time', '2025-02-19 16:00:00', '2025-02-20 15:04:57', 0, '07:15:00', '12:15:00', '13:15:00', '16:15:00', 480, 0, 0),
	(35, 2, 'On time', '2025-02-20 16:00:00', '2025-02-20 15:04:57', 0, '07:15:00', '12:15:00', '13:15:00', '16:15:00', 480, 0, 0),
	(36, 4, 'On time', '2025-02-20 16:00:00', '2025-02-20 15:04:57', 0, '07:15:00', '12:15:00', '13:15:00', '16:15:00', 480, 0, 0),
	(37, 5, 'On time', '2025-02-20 16:00:00', '2025-02-20 15:04:57', 0, '07:15:00', '12:15:00', '13:15:00', '16:15:00', 480, 0, 0),
	(38, 6, 'On time', '2025-02-20 16:00:00', '2025-02-20 15:04:57', 0, '07:15:00', '12:15:00', '13:15:00', '16:15:00', 480, 0, 0),
	(39, 7, 'On time', '2025-02-20 16:00:00', '2025-02-20 15:04:57', 0, '07:15:00', '12:15:00', '13:15:00', '16:15:00', 480, 0, 0),
	(40, 8, 'On time', '2025-02-20 16:00:00', '2025-02-20 15:04:57', 0, '07:15:00', '12:15:00', '13:15:00', '16:15:00', 480, 0, 0),
	(41, 9, 'On time', '2025-02-20 16:00:00', '2025-02-20 15:04:57', 0, '07:15:00', '12:15:00', '13:15:00', '16:15:00', 480, 0, 0),
	(42, 2, 'On time', '2025-02-21 16:00:00', '2025-02-20 15:04:57', 0, '07:15:00', '12:15:00', '13:15:00', '16:15:00', 480, 0, 0),
	(43, 4, 'On time', '2025-02-21 16:00:00', '2025-02-20 15:04:57', 0, '07:15:00', '12:15:00', '13:15:00', '16:15:00', 480, 0, 0),
	(44, 5, 'On time', '2025-02-21 16:00:00', '2025-02-20 15:04:57', 0, '07:15:00', '12:15:00', '13:15:00', '16:15:00', 480, 0, 0),
	(45, 6, 'On time', '2025-02-21 16:00:00', '2025-02-20 15:04:57', 0, '07:15:00', '12:15:00', '13:15:00', '16:15:00', 480, 0, 0),
	(46, 7, 'On time', '2025-02-21 16:00:00', '2025-02-20 15:04:57', 0, '07:15:00', '12:15:00', '13:15:00', '16:15:00', 480, 0, 0),
	(47, 8, 'On time', '2025-02-21 16:00:00', '2025-02-20 15:04:57', 0, '07:15:00', '12:15:00', '13:15:00', '16:15:00', 480, 0, 0),
	(48, 9, 'On time', '2025-02-21 16:00:00', '2025-02-20 15:04:57', 0, '07:15:00', '12:15:00', '13:15:00', '16:15:00', 480, 0, 0),
	(49, 2, 'On time', '2025-02-22 16:00:00', '2025-02-20 15:04:57', 0, '07:15:00', '12:15:00', '13:15:00', '16:15:00', 480, 0, 0),
	(50, 4, 'On time', '2025-02-22 16:00:00', '2025-02-20 15:04:57', 0, '07:15:00', '12:15:00', '13:15:00', '16:15:00', 480, 0, 0),
	(51, 5, 'On time', '2025-02-22 16:00:00', '2025-02-20 15:04:57', 0, '07:15:00', '12:15:00', '13:15:00', '16:15:00', 480, 0, 0),
	(52, 6, 'On time', '2025-02-22 16:00:00', '2025-02-20 15:04:57', 0, '07:15:00', '12:15:00', '13:15:00', '16:15:00', 480, 0, 0),
	(53, 7, 'On time', '2025-02-22 16:00:00', '2025-02-20 15:04:57', 0, '07:15:00', '12:15:00', '13:15:00', '16:15:00', 480, 0, 0),
	(54, 8, 'On time', '2025-02-22 16:00:00', '2025-02-20 15:04:57', 0, '07:15:00', '12:15:00', '13:15:00', '16:15:00', 480, 0, 0),
	(55, 9, 'On time', '2025-02-22 16:00:00', '2025-02-20 15:04:57', 0, '07:15:00', '12:15:00', '13:15:00', '16:15:00', 480, 0, 0),
	(69, 2, 'On time', '2025-02-25 16:00:00', '2025-02-25 17:50:57', 1, '01:50:00', '13:50:00', '01:50:00', '13:50:00', 480, 0, 960),
	(70, 2, 'On time', '2025-01-11 16:00:00', '2025-03-19 16:52:50', 0, '08:15:00', '12:30:00', '13:40:00', '17:45:00', 480, 0, 30),
	(71, 4, 'Late', '2025-03-07 16:00:00', '2025-03-19 16:52:50', 0, '09:20:00', '12:10:00', '13:30:00', '17:50:00', 450, 20, 45),
	(72, 5, 'On time', '2025-04-24 16:00:00', '2025-03-19 16:52:50', 0, '08:05:00', '12:00:00', '13:35:00', '18:00:00', 490, 0, 60),
	(73, 6, 'Late', '2025-05-13 16:00:00', '2025-03-19 16:52:50', 0, '09:45:00', '12:15:00', '13:50:00', '17:30:00', 420, 45, 25),
	(74, 8, 'On time', '2025-06-26 16:00:00', '2025-03-19 16:52:50', 0, '08:30:00', '12:20:00', '13:45:00', '17:40:00', 470, 0, 20),
	(75, 9, 'Late', '2025-07-08 16:00:00', '2025-03-19 16:52:50', 0, '09:10:00', '12:30:00', '13:50:00', '17:55:00', 460, 10, 40),
	(76, 2, 'On time', '2025-08-15 16:00:00', '2025-03-19 16:52:50', 0, '08:25:00', '12:10:00', '13:30:00', '18:05:00', 500, 0, 55),
	(77, 4, 'Late', '2025-03-09 16:00:00', '2025-03-19 16:52:50', 0, '09:35:00', '12:45:00', '14:00:00', '17:50:00', 430, 35, 30),
	(78, 5, 'On time', '2025-04-20 16:00:00', '2025-03-19 16:52:50', 0, '08:10:00', '12:05:00', '13:40:00', '17:50:00', 485, 0, 50),
	(79, 6, 'Late', '2025-05-29 16:00:00', '2025-03-19 16:52:50', 0, '09:50:00', '12:25:00', '14:00:00', '18:10:00', 415, 50, 70),
	(80, 8, 'On time', '2025-06-04 16:00:00', '2025-03-19 16:52:50', 0, '08:40:00', '12:35:00', '13:50:00', '17:55:00', 475, 0, 30),
	(81, 9, 'Late', '2025-07-22 16:00:00', '2025-03-19 16:52:50', 0, '09:15:00', '12:20:00', '13:40:00', '17:45:00', 455, 15, 20),
	(82, 2, 'On time', '2025-08-07 16:00:00', '2025-03-19 16:52:50', 0, '08:05:00', '12:15:00', '13:35:00', '17:55:00', 495, 0, 45),
	(83, 4, 'Late', '2025-03-17 16:00:00', '2025-03-19 16:52:50', 0, '09:30:00', '12:50:00', '13:55:00', '17:40:00', 440, 30, 35),
	(84, 5, 'On time', '2025-04-25 16:00:00', '2025-03-19 16:52:50', 0, '08:20:00', '12:25:00', '13:50:00', '18:15:00', 510, 0, 60),
	(85, 6, 'Late', '2025-05-16 16:00:00', '2025-03-19 16:52:50', 0, '09:55:00', '12:30:00', '14:10:00', '17:35:00', 410, 55, 25),
	(86, 8, 'On time', '2025-06-28 16:00:00', '2025-03-19 16:52:50', 0, '08:15:00', '12:40:00', '13:55:00', '18:10:00', 495, 0, 50),
	(87, 9, 'Late', '2025-07-12 16:00:00', '2025-03-19 16:52:50', 0, '09:05:00', '12:25:00', '13:45:00', '17:50:00', 465, 5, 30),
	(88, 2, 'On time', '2025-08-20 16:00:00', '2025-03-19 16:52:50', 0, '08:10:00', '12:10:00', '13:30:00', '18:00:00', 490, 0, 55),
	(89, 4, 'Late', '2025-03-24 16:00:00', '2025-03-19 16:52:50', 0, '09:25:00', '12:35:00', '13:45:00', '17:55:00', 445, 25, 40),
	(90, 5, 'On time', '2025-04-13 16:00:00', '2025-03-19 16:52:50', 0, '08:30:00', '12:15:00', '13:40:00', '17:45:00', 480, 0, 35),
	(91, 6, 'Late', '2025-05-22 16:00:00', '2025-03-19 16:52:50', 0, '09:40:00', '12:10:00', '13:50:00', '18:05:00', 425, 40, 60),
	(92, 8, 'On time', '2025-06-14 16:00:00', '2025-03-19 16:52:50', 0, '08:05:00', '12:20:00', '13:30:00', '17:50:00', 485, 0, 45),
	(93, 9, 'Late', '2025-07-29 16:00:00', '2025-03-19 16:52:50', 0, '09:20:00', '12:40:00', '14:00:00', '17:35:00', 435, 20, 30),
	(94, 2, 'On time', '2025-08-03 16:00:00', '2025-03-19 16:52:50', 0, '08:25:00', '12:15:00', '13:40:00', '18:10:00', 495, 0, 50),
	(95, 4, 'Late', '2025-03-10 16:00:00', '2025-03-19 16:52:50', 0, '09:15:00', '12:30:00', '13:50:00', '17:55:00', 455, 15, 35),
	(96, 5, 'On time', '2025-04-28 16:00:00', '2025-03-19 16:52:50', 0, '08:10:00', '12:05:00', '13:45:00', '17:40:00', 480, 0, 25),
	(97, 6, 'Late', '2025-05-07 16:00:00', '2025-03-19 16:52:50', 0, '09:35:00', '12:25:00', '13:55:00', '17:50:00', 440, 35, 40),
	(98, 8, 'On time', '2025-06-23 16:00:00', '2025-03-19 16:52:50', 0, '08:15:00', '12:10:00', '13:30:00', '17:55:00', 490, 0, 55),
	(99, 9, 'Late', '2025-07-18 16:00:00', '2025-03-19 16:52:50', 0, '09:50:00', '12:35:00', '14:05:00', '17:45:00', 420, 50, 25),
	(100, 2, 'On time', '2025-01-14 16:00:00', '2025-03-19 16:54:27', 0, '08:10:00', '12:20:00', '13:35:00', '17:50:00', 490, 0, 30),
	(101, 4, 'Late', '2025-03-19 16:00:00', '2025-03-19 16:54:27', 0, '09:45:00', '12:35:00', '14:05:00', '17:55:00', 430, 45, 25),
	(102, 5, 'On time', '2025-04-09 16:00:00', '2025-03-19 16:54:27', 0, '08:25:00', '12:15:00', '13:45:00', '18:00:00', 500, 0, 40),
	(103, 6, 'Late', '2025-05-11 16:00:00', '2025-03-19 16:54:27', 0, '09:35:00', '12:10:00', '13:50:00', '17:45:00', 440, 35, 20),
	(104, 8, 'On time', '2025-06-21 16:00:00', '2025-03-19 16:54:27', 0, '08:05:00', '12:30:00', '13:55:00', '18:05:00', 495, 0, 60),
	(105, 9, 'Late', '2025-07-04 16:00:00', '2025-03-19 16:54:27', 0, '09:20:00', '12:40:00', '13:50:00', '17:30:00', 450, 20, 15),
	(106, 2, 'On time', '2025-08-02 16:00:00', '2025-03-19 16:54:27', 0, '08:15:00', '12:10:00', '13:30:00', '18:15:00', 505, 0, 55),
	(107, 4, 'Late', '2025-03-27 16:00:00', '2025-03-19 16:54:27', 0, '09:30:00', '12:20:00', '13:40:00', '18:00:00', 445, 30, 40),
	(108, 5, 'On time', '2025-04-17 16:00:00', '2025-03-19 16:54:27', 0, '08:40:00', '12:45:00', '14:00:00', '17:50:00', 485, 0, 35),
	(109, 6, 'Late', '2025-05-25 16:00:00', '2025-03-19 16:54:27', 0, '09:50:00', '12:30:00', '13:55:00', '17:40:00', 420, 50, 25),
	(110, 8, 'On time', '2025-06-13 16:00:00', '2025-03-19 16:54:27', 0, '08:20:00', '12:15:00', '13:45:00', '18:10:00', 500, 0, 50),
	(111, 9, 'Late', '2025-07-16 16:00:00', '2025-03-19 16:54:27', 0, '09:05:00', '12:25:00', '13:50:00', '17:35:00', 460, 5, 30),
	(112, 2, 'On time', '2025-08-24 16:00:00', '2025-03-19 16:54:27', 0, '08:30:00', '12:40:00', '13:50:00', '17:55:00', 495, 0, 45),
	(113, 4, 'Late', '2025-03-14 16:00:00', '2025-03-19 16:54:27', 0, '09:40:00', '12:50:00', '13:55:00', '17:30:00', 435, 40, 35),
	(114, 5, 'On time', '2025-04-05 16:00:00', '2025-03-19 16:54:27', 0, '08:05:00', '12:10:00', '13:30:00', '18:05:00', 495, 0, 50),
	(115, 6, 'Late', '2025-05-30 16:00:00', '2025-03-19 16:54:27', 0, '09:15:00', '12:35:00', '14:00:00', '17:50:00', 455, 15, 45),
	(116, 8, 'On time', '2025-06-08 16:00:00', '2025-03-19 16:54:27', 0, '08:10:00', '12:05:00', '13:45:00', '18:00:00', 490, 0, 30),
	(117, 9, 'Late', '2025-07-20 16:00:00', '2025-03-19 16:54:27', 0, '09:55:00', '12:25:00', '14:10:00', '18:10:00', 415, 55, 60),
	(118, 2, 'On time', '2025-08-09 16:00:00', '2025-03-19 16:54:27', 0, '08:25:00', '12:15:00', '13:40:00', '17:50:00', 490, 0, 40),
	(119, 4, 'Late', '2025-03-21 16:00:00', '2025-03-19 16:54:27', 1, '09:30:00', '12:35:00', '13:50:00', '18:00:00', 445, 30, 30),
	(120, 5, 'On time', '2025-04-12 16:00:00', '2025-03-19 16:54:27', 0, '08:20:00', '12:25:00', '13:50:00', '18:15:00', 505, 0, 55),
	(121, 6, 'Late', '2025-05-18 16:00:00', '2025-03-19 16:54:27', 0, '09:35:00', '12:40:00', '14:05:00', '17:45:00', 435, 35, 25),
	(122, 8, 'On time', '2025-06-29 16:00:00', '2025-03-19 16:54:27', 0, '08:15:00', '12:20:00', '13:45:00', '17:55:00', 490, 0, 50),
	(123, 9, 'Late', '2025-07-28 16:00:00', '2025-03-19 16:54:27', 0, '09:45:00', '12:50:00', '14:00:00', '18:00:00', 430, 45, 35),
	(124, 2, 'On time', '2025-08-05 16:00:00', '2025-03-19 16:54:27', 0, '08:10:00', '12:30:00', '13:50:00', '18:05:00', 500, 0, 40),
	(125, 4, 'Late', '2025-03-16 16:00:00', '2025-03-19 16:54:27', 0, '09:25:00', '12:20:00', '13:40:00', '17:55:00', 450, 25, 20),
	(126, 5, 'On time', '2025-04-22 16:00:00', '2025-03-19 16:54:27', 0, '08:30:00', '12:45:00', '14:00:00', '18:10:00', 505, 0, 60),
	(127, 6, 'Late', '2025-05-27 16:00:00', '2025-03-19 16:54:27', 0, '09:15:00', '12:10:00', '13:50:00', '17:40:00', 450, 15, 30),
	(128, 8, 'On time', '2025-06-10 16:00:00', '2025-03-19 16:54:27', 0, '08:05:00', '12:15:00', '13:45:00', '17:55:00', 490, 0, 45),
	(129, 9, 'Late', '2025-07-07 16:00:00', '2025-03-19 16:54:27', 0, '09:40:00', '12:35:00', '14:00:00', '18:00:00', 435, 40, 35),
	(130, 2, 'On time', '2025-08-17 16:00:00', '2025-03-19 16:54:27', 0, '08:25:00', '12:15:00', '13:50:00', '18:10:00', 495, 0, 50),
	(131, 4, 'Late', '2025-03-25 16:00:00', '2025-03-19 16:54:27', 0, '09:50:00', '12:45:00', '14:00:00', '17:55:00', 420, 50, 40),
	(132, 5, 'On time', '2025-04-07 16:00:00', '2025-03-19 16:54:27', 0, '08:15:00', '12:30:00', '13:50:00', '18:05:00', 500, 0, 35),
	(133, 6, 'Late', '2025-05-20 16:00:00', '2025-03-19 16:54:27', 0, '09:30:00', '12:20:00', '13:55:00', '17:50:00', 445, 30, 20),
	(134, 8, 'On time', '2025-06-06 16:00:00', '2025-03-19 16:54:27', 0, '08:20:00', '12:25:00', '13:50:00', '18:15:00', 505, 0, 55),
	(135, 9, 'Late', '2025-07-14 16:00:00', '2025-03-19 16:54:27', 0, '09:35:00', '12:40:00', '14:05:00', '17:45:00', 435, 35, 25),
	(136, 2, 'On time', '2025-03-19 16:00:00', '2025-03-19 16:59:24', 0, '08:10:00', '12:15:00', '13:30:00', '17:45:00', 490, 0, 40),
	(137, 4, 'Late', '2025-03-19 16:00:00', '2025-03-19 16:59:24', 0, '09:25:00', '12:20:00', '13:45:00', '17:50:00', 450, 25, 30),
	(138, 5, 'On time', '2025-03-19 16:00:00', '2025-03-19 16:59:24', 0, '08:05:00', '12:10:00', '13:35:00', '18:00:00', 495, 0, 50),
	(139, 6, 'Late', '2025-03-19 16:00:00', '2025-03-19 16:59:24', 0, '09:40:00', '12:35:00', '14:00:00', '18:10:00', 435, 40, 35),
	(140, 8, 'On time', '2025-03-19 16:00:00', '2025-03-19 16:59:24', 0, '08:20:00', '12:30:00', '13:50:00', '17:55:00', 495, 0, 45),
	(141, 9, 'Late', '2025-03-19 16:00:00', '2025-03-19 16:59:24', 0, '09:15:00', '12:25:00', '13:50:00', '18:05:00', 450, 15, 50),
	(142, 2, 'On time', '2025-03-19 16:00:00', '2025-03-19 16:59:24', 0, '08:30:00', '12:40:00', '14:00:00', '17:50:00', 495, 0, 35),
	(143, 4, 'Late', '2025-03-19 16:00:00', '2025-03-19 16:59:24', 0, '09:50:00', '12:30:00', '13:55:00', '18:00:00', 420, 50, 25),
	(144, 5, 'On time', '2025-03-19 16:00:00', '2025-03-19 16:59:24', 0, '08:15:00', '12:20:00', '13:45:00', '18:05:00', 500, 0, 30),
	(145, 6, 'Late', '2025-03-19 16:00:00', '2025-03-19 16:59:24', 0, '09:35:00', '12:40:00', '14:10:00', '18:10:00', 430, 35, 40),
	(146, 10, 'Late', '2025-03-19 16:00:00', '2025-03-19 19:00:42', 1, '08:00:00', '12:00:00', '13:00:00', '18:00:00', 480, 0, 60),
	(147, 10, 'On time', '2025-03-19 16:00:00', '2025-03-19 19:07:48', 0, '07:59:00', '12:00:00', '13:01:00', '19:00:00', 480, 0, 120),
	(148, 2, 'On time', '2025-03-21 16:00:00', '2025-03-21 16:02:50', 1, '08:10:00', '12:10:00', '13:30:00', '17:45:00', 495, 0, 40),
	(149, 4, 'Late', '2025-03-21 16:00:00', '2025-03-21 16:02:50', 0, '09:20:00', '12:15:00', '13:40:00', '17:55:00', 460, 20, 30),
	(150, 5, 'On time', '2025-03-21 16:00:00', '2025-03-21 16:02:50', 0, '08:05:00', '12:05:00', '13:30:00', '17:50:00', 490, 0, 45),
	(151, 6, 'On time', '2025-03-21 16:00:00', '2025-03-21 16:02:50', 0, '08:50:00', '12:30:00', '13:40:00', '18:00:00', 470, 0, 40),
	(152, 8, 'On time', '2025-03-21 16:00:00', '2025-03-21 16:02:50', 0, '08:25:00', '12:30:00', '13:55:00', '18:00:00', 495, 0, 50),
	(153, 9, 'Late', '2025-03-21 16:00:00', '2025-03-21 16:02:50', 0, '09:10:00', '12:25:00', '13:40:00', '18:00:00', 460, 15, 45),
	(154, 2, 'On time', '2025-03-21 16:00:00', '2025-03-21 16:02:50', 0, '08:30:00', '12:40:00', '13:45:00', '17:50:00', 495, 0, 35);

-- Dumping structure for table payroll.deductions
CREATE TABLE IF NOT EXISTS `deductions` (
  `deduction_id` int NOT NULL AUTO_INCREMENT,
  `deduction_name` varchar(50) DEFAULT NULL,
  `deduction_rate` int DEFAULT NULL,
  `is_deleted` tinyint(1) DEFAULT '0',
  `created_at` timestamp NULL DEFAULT CURRENT_TIMESTAMP,
  `deduction_status` varchar(20) DEFAULT 'off',
  PRIMARY KEY (`deduction_id`)
) ENGINE=InnoDB AUTO_INCREMENT=4 DEFAULT CHARSET=utf8mb4 COLLATE=utf8mb4_0900_ai_ci;

-- Dumping data for table payroll.deductions: ~3 rows (approximately)
REPLACE INTO `deductions` (`deduction_id`, `deduction_name`, `deduction_rate`, `is_deleted`, `created_at`, `deduction_status`) VALUES
	(1, 'SSS', 10, 0, '2025-02-18 15:22:53', 'on'),
	(2, 'Philhealth', 3, 0, '2025-02-24 17:29:35', 'on'),
	(3, 'PAG IBIG', 2, 0, '2025-02-24 17:29:50', 'on');

-- Dumping structure for table payroll.departments
CREATE TABLE IF NOT EXISTS `departments` (
  `department_id` int NOT NULL AUTO_INCREMENT,
  `department_name` varchar(255) NOT NULL,
  `created_at` timestamp NULL DEFAULT CURRENT_TIMESTAMP,
  `is_deleted` tinyint(1) DEFAULT '0',
  PRIMARY KEY (`department_id`)
) ENGINE=InnoDB AUTO_INCREMENT=8 DEFAULT CHARSET=utf8mb4 COLLATE=utf8mb4_0900_ai_ci;

-- Dumping data for table payroll.departments: ~3 rows (approximately)
REPLACE INTO `departments` (`department_id`, `department_name`, `created_at`, `is_deleted`) VALUES
	(2, 'Marketing', '2025-02-07 23:33:21', 0),
	(3, 'Finance', '2025-02-12 09:42:22', 0),
	(5, 'IT', '2025-03-21 17:15:50', 0),
	(6, 'Sales', '2025-03-21 17:16:10', 0),
	(7, 'Human Resources', '2025-03-21 17:16:17', 0);

-- Dumping structure for table payroll.earnings
CREATE TABLE IF NOT EXISTS `earnings` (
  `earning_id` int NOT NULL AUTO_INCREMENT,
  `employee_id` int DEFAULT NULL,
  `daily_wages` int DEFAULT NULL,
  `earning_date` date DEFAULT NULL,
  `is_deleted` tinyint DEFAULT '0',
  `earning_status` varchar(50) CHARACTER SET utf8mb4 COLLATE utf8mb4_0900_ai_ci DEFAULT 'unpaid',
  `created_at` timestamp NULL DEFAULT CURRENT_TIMESTAMP,
  `Overtime_pay` int DEFAULT NULL,
  PRIMARY KEY (`earning_id`),
  KEY `employee_id` (`employee_id`),
  CONSTRAINT `earnings_ibfk_1` FOREIGN KEY (`employee_id`) REFERENCES `employees` (`employee_id`)
) ENGINE=InnoDB AUTO_INCREMENT=429 DEFAULT CHARSET=utf8mb4 COLLATE=utf8mb4_0900_ai_ci;

-- Dumping data for table payroll.earnings: ~426 rows (approximately)
REPLACE INTO `earnings` (`earning_id`, `employee_id`, `daily_wages`, `earning_date`, `is_deleted`, `earning_status`, `created_at`, `Overtime_pay`) VALUES
	(1, 2, 960, '2025-02-16', 0, 'unpaid', '2025-02-20 15:04:56', 0),
	(2, 4, 960, '2025-02-16', 0, 'unpaid', '2025-02-20 15:04:56', 0),
	(3, 5, 836, '2025-02-16', 0, 'unpaid', '2025-02-20 15:04:56', 0),
	(4, 6, 640, '2025-02-16', 0, 'unpaid', '2025-02-20 15:04:56', 0),
	(5, 8, 520, '2025-02-16', 0, 'unpaid', '2025-02-20 15:04:56', 0),
	(6, 9, 704, '2025-02-16', 0, 'unpaid', '2025-02-20 15:04:56', 0),
	(7, 2, 960, '2025-02-17', 0, 'unpaid', '2025-02-20 15:04:56', 0),
	(8, 4, 960, '2025-02-17', 0, 'unpaid', '2025-02-20 15:04:56', 0),
	(9, 5, 823, '2025-02-17', 0, 'unpaid', '2025-02-20 15:04:57', 0),
	(10, 6, 640, '2025-02-17', 0, 'unpaid', '2025-02-20 15:04:57', 0),
	(11, 7, 440, '2025-02-17', 0, 'unpaid', '2025-02-20 15:04:57', 0),
	(12, 8, 520, '2025-02-17', 0, 'unpaid', '2025-02-20 15:04:57', 0),
	(13, 9, 704, '2025-02-17', 0, 'unpaid', '2025-02-20 15:04:57', 0),
	(14, 2, 960, '2025-02-18', 0, 'unpaid', '2025-02-20 15:04:57', 0),
	(15, 4, 960, '2025-02-18', 0, 'unpaid', '2025-02-20 15:04:57', 0),
	(16, 5, 526, '2025-02-18', 0, 'unpaid', '2025-02-20 15:04:57', 0),
	(17, 6, 640, '2025-02-18', 0, 'unpaid', '2025-02-20 15:04:57', 0),
	(18, 7, 440, '2025-02-18', 0, 'unpaid', '2025-02-20 15:04:57', 0),
	(19, 8, 520, '2025-02-18', 0, 'unpaid', '2025-02-20 15:04:57', 0),
	(20, 9, 704, '2025-02-18', 0, 'unpaid', '2025-02-20 15:04:57', 0),
	(21, 2, 960, '2025-02-19', 0, 'unpaid', '2025-02-20 15:04:57', 0),
	(22, 4, 960, '2025-02-19', 0, 'unpaid', '2025-02-20 15:04:57', 0),
	(23, 5, 436, '2025-02-19', 0, 'unpaid', '2025-02-20 15:04:57', 0),
	(24, 6, 640, '2025-02-19', 0, 'unpaid', '2025-02-20 15:04:57', 0),
	(25, 7, 440, '2025-02-19', 0, 'unpaid', '2025-02-20 15:04:57', 0),
	(26, 8, 520, '2025-02-19', 0, 'unpaid', '2025-02-20 15:04:57', 0),
	(27, 9, 704, '2025-02-19', 0, 'unpaid', '2025-02-20 15:04:57', 0),
	(28, 2, 960, '2025-02-20', 0, 'unpaid', '2025-02-20 15:04:57', 0),
	(29, 4, 960, '2025-02-20', 0, 'unpaid', '2025-02-20 15:04:57', 0),
	(30, 5, 754, '2025-02-20', 0, 'unpaid', '2025-02-20 15:04:57', 0),
	(31, 6, 640, '2025-02-20', 0, 'unpaid', '2025-02-20 15:04:57', 0),
	(32, 7, 440, '2025-02-20', 0, 'unpaid', '2025-02-20 15:04:57', 0),
	(33, 8, 520, '2025-02-20', 0, 'unpaid', '2025-02-20 15:04:57', 0),
	(34, 9, 704, '2025-02-20', 0, 'unpaid', '2025-02-20 15:04:57', 0),
	(35, 2, 960, '2025-02-21', 0, 'unpaid', '2025-02-20 15:04:57', 0),
	(36, 4, 960, '2025-02-21', 0, 'unpaid', '2025-02-20 15:04:57', 0),
	(37, 5, 356, '2025-02-21', 0, 'unpaid', '2025-02-20 15:04:57', 0),
	(38, 6, 640, '2025-02-21', 0, 'unpaid', '2025-02-20 15:04:57', 0),
	(39, 7, 440, '2025-02-21', 0, 'unpaid', '2025-02-20 15:04:57', 0),
	(40, 8, 520, '2025-02-21', 0, 'unpaid', '2025-02-20 15:04:57', 0),
	(41, 9, 704, '2025-02-21', 0, 'unpaid', '2025-02-20 15:04:57', 0),
	(42, 2, 960, '2025-02-22', 0, 'unpaid', '2025-02-20 15:04:57', 0),
	(43, 4, 960, '2025-02-22', 0, 'unpaid', '2025-02-20 15:04:57', 0),
	(44, 5, 906, '2025-02-22', 0, 'unpaid', '2025-02-20 15:04:57', 0),
	(45, 6, 640, '2025-02-22', 0, 'unpaid', '2025-02-20 15:04:57', 0),
	(46, 7, 440, '2025-09-22', 0, 'unpaid', '2025-02-20 15:04:57', 0),
	(47, 8, 520, '2025-07-22', 0, 'unpaid', '2025-02-20 15:04:57', 0),
	(48, 9, 704, '2025-02-22', 0, 'unpaid', '2025-02-20 15:04:57', 0),
	(49, 2, 960, '2025-02-23', 0, 'unpaid', '2025-02-20 15:04:57', 0),
	(50, 4, 960, '2025-02-23', 0, 'unpaid', '2025-02-20 15:04:57', 0),
	(51, 5, 356, '2025-05-23', 0, 'unpaid', '2025-02-20 15:04:57', 0),
	(52, 6, 640, '2025-02-23', 0, 'unpaid', '2025-02-20 15:04:57', 0),
	(53, 7, 440, '2025-02-23', 0, 'unpaid', '2025-02-20 15:04:57', 0),
	(54, 8, 520, '2025-04-23', 0, 'unpaid', '2025-02-20 15:04:57', 0),
	(55, 9, 704, '2025-02-23', 0, 'unpaid', '2025-02-20 15:04:57', 0),
	(56, 2, 960, '2025-02-24', 0, 'unpaid', '2025-02-20 15:04:57', 0),
	(57, 4, 960, '2025-02-24', 0, 'unpaid', '2025-02-20 15:04:57', 0),
	(58, 2, 960, '2025-04-20', 0, 'unpaid', '2025-02-20 15:05:51', 156),
	(59, 2, 960, '2025-03-26', 0, 'unpaid', '2025-02-25 17:48:58', 2496),
	(60, 2, 960, '2025-01-26', 0, 'unpaid', '2025-02-25 17:50:57', 2496),
	(61, 2, 750, '2025-01-15', 0, 'unpaid', '2025-03-19 16:17:09', 121),
	(62, 4, 641, '2025-02-10', 0, 'unpaid', '2025-03-19 16:17:09', 95),
	(63, 5, 880, '2025-03-05', 0, 'unpaid', '2025-03-19 16:17:09', 181),
	(64, 6, 561, '2025-04-20', 0, 'unpaid', '2025-03-19 16:17:09', 70),
	(65, 8, 720, '2025-05-25', 0, 'unpaid', '2025-03-19 16:17:09', 141),
	(66, 9, 691, '2025-06-18', 0, 'unpaid', '2025-03-19 16:17:09', 110),
	(67, 2, 805, '2025-07-12', 0, 'unpaid', '2025-03-19 16:17:09', 151),
	(68, 4, 571, '2025-08-08', 0, 'unpaid', '2025-03-19 16:17:09', 90),
	(69, 5, 931, '2025-09-03', 0, 'unpaid', '2025-03-19 16:17:09', 190),
	(70, 6, 645, '2025-10-21', 0, 'unpaid', '2025-03-19 16:17:09', 105),
	(71, 8, 710, '2025-11-29', 0, 'unpaid', '2025-03-19 16:17:09', 136),
	(72, 9, 680, '2025-12-05', 0, 'unpaid', '2025-03-19 16:17:09', 116),
	(73, 2, 795, '2025-01-23', 0, 'unpaid', '2025-03-19 16:17:09', 146),
	(74, 4, 551, '2025-02-17', 0, 'unpaid', '2025-03-19 16:17:09', 85),
	(75, 5, 911, '2025-03-09', 0, 'unpaid', '2025-03-19 16:17:09', 175),
	(76, 6, 621, '2025-04-14', 0, 'unpaid', '2025-03-19 16:17:09', 96),
	(77, 8, 735, '2025-05-30', 0, 'unpaid', '2025-03-19 16:17:09', 131),
	(78, 9, 671, '2025-06-27', 0, 'unpaid', '2025-03-19 16:17:09', 125),
	(79, 2, 765, '2025-07-19', 0, 'unpaid', '2025-03-19 16:17:09', 140),
	(80, 4, 591, '2025-08-15', 0, 'unpaid', '2025-03-19 16:17:09', 111),
	(81, 5, 891, '2025-09-21', 0, 'unpaid', '2025-03-19 16:17:09', 160),
	(82, 6, 616, '2025-10-26', 0, 'unpaid', '2025-03-19 16:17:09', 90),
	(83, 8, 740, '2025-11-13', 0, 'unpaid', '2025-03-19 16:17:09', 145),
	(84, 9, 675, '2025-12-22', 0, 'unpaid', '2025-03-19 16:17:09', 101),
	(85, 2, 771, '2025-01-30', 0, 'unpaid', '2025-03-19 16:17:09', 155),
	(86, 4, 611, '2025-02-07', 0, 'unpaid', '2025-03-19 16:17:09', 121),
	(87, 5, 920, '2025-03-15', 0, 'unpaid', '2025-03-19 16:17:09', 186),
	(88, 6, 655, '2025-04-19', 0, 'unpaid', '2025-03-19 16:17:09', 115),
	(89, 8, 726, '2025-05-10', 0, 'unpaid', '2025-03-19 16:17:09', 135),
	(90, 9, 686, '2025-06-05', 0, 'unpaid', '2025-03-19 16:17:09', 110),
	(91, 2, 785, '2025-07-25', 0, 'unpaid', '2025-03-19 16:17:09', 146),
	(92, 4, 561, '2025-08-14', 0, 'unpaid', '2025-03-19 16:17:09', 95),
	(93, 5, 901, '2025-09-28', 0, 'unpaid', '2025-03-19 16:17:09', 176),
	(94, 6, 645, '2025-10-17', 0, 'unpaid', '2025-03-19 16:17:09', 106),
	(95, 8, 721, '2025-11-23', 0, 'unpaid', '2025-03-19 16:17:09', 126),
	(96, 9, 691, '2025-12-11', 0, 'unpaid', '2025-03-19 16:17:09', 105),
	(97, 2, 751, '2025-01-09', 0, 'unpaid', '2025-03-19 16:17:09', 130),
	(98, 4, 591, '2025-02-05', 0, 'unpaid', '2025-03-19 16:17:09', 101),
	(99, 5, 880, '2025-03-14', 0, 'unpaid', '2025-03-19 16:17:09', 170),
	(100, 6, 611, '2025-04-18', 0, 'unpaid', '2025-03-19 16:17:09', 96),
	(101, 8, 710, '2025-05-07', 0, 'unpaid', '2025-03-19 16:17:09', 136),
	(102, 9, 680, '2025-06-26', 0, 'unpaid', '2025-03-19 16:17:09', 115),
	(103, 2, 766, '2025-07-31', 0, 'unpaid', '2025-03-19 16:17:09', 140),
	(104, 4, 601, '2025-08-12', 0, 'unpaid', '2025-03-19 16:17:09', 110),
	(105, 5, 891, '2025-09-06', 0, 'unpaid', '2025-03-19 16:17:09', 175),
	(106, 6, 636, '2025-10-30', 0, 'unpaid', '2025-03-19 16:17:09', 100),
	(107, 8, 740, '2025-11-19', 0, 'unpaid', '2025-03-19 16:17:09', 131),
	(108, 9, 675, '2025-12-15', 0, 'unpaid', '2025-03-19 16:17:09', 106),
	(109, 2, 795, '2025-01-26', 0, 'unpaid', '2025-03-19 16:17:09', 150),
	(110, 4, 571, '2025-02-20', 0, 'unpaid', '2025-03-19 16:17:09', 86),
	(111, 5, 911, '2025-03-22', 0, 'unpaid', '2025-03-19 16:17:09', 181),
	(112, 6, 621, '2025-04-27', 0, 'unpaid', '2025-03-19 16:17:09', 96),
	(113, 8, 735, '2025-05-12', 0, 'unpaid', '2025-03-19 16:17:09', 126),
	(114, 9, 670, '2025-06-30', 0, 'unpaid', '2025-03-19 16:17:09', 115),
	(115, 2, 760, '2025-07-21', 0, 'unpaid', '2025-03-19 16:17:09', 141),
	(116, 4, 581, '2025-08-23', 0, 'unpaid', '2025-03-19 16:17:09', 90),
	(117, 5, 896, '2025-09-18', 0, 'unpaid', '2025-03-19 16:17:09', 166),
	(118, 6, 615, '2025-10-05', 0, 'unpaid', '2025-03-19 16:17:09', 91),
	(119, 8, 740, '2025-11-25', 0, 'unpaid', '2025-03-19 16:17:09', 135),
	(120, 9, 676, '2025-12-14', 0, 'unpaid', '2025-03-19 16:17:09', 111),
	(121, 2, 770, '2025-01-07', 0, 'unpaid', '2025-03-19 16:17:09', 145),
	(122, 4, 610, '2025-02-09', 0, 'unpaid', '2025-03-19 16:17:09', 121),
	(123, 5, 921, '2025-03-29', 0, 'unpaid', '2025-03-19 16:17:09', 190),
	(124, 6, 656, '2025-04-16', 0, 'unpaid', '2025-03-19 16:17:09', 116),
	(125, 8, 721, '2025-05-22', 0, 'unpaid', '2025-03-19 16:17:09', 125),
	(126, 9, 685, '2025-06-19', 0, 'unpaid', '2025-03-19 16:17:09', 111),
	(127, 2, 781, '2025-07-13', 0, 'unpaid', '2025-03-19 16:17:09', 151),
	(128, 4, 565, '2025-08-27', 0, 'unpaid', '2025-03-19 16:17:09', 91),
	(129, 5, 906, '2025-09-30', 0, 'unpaid', '2025-03-19 16:17:09', 176),
	(130, 6, 631, '2025-10-14', 0, 'unpaid', '2025-03-19 16:17:09', 101),
	(131, 8, 731, '2025-11-08', 0, 'unpaid', '2025-03-19 16:17:09', 136),
	(132, 9, 681, '2025-12-17', 0, 'unpaid', '2025-03-19 16:17:09', 110),
	(133, 2, 756, '2025-01-18', 0, 'unpaid', '2025-03-19 16:17:09', 140),
	(134, 4, 596, '2025-02-26', 0, 'unpaid', '2025-03-19 16:17:09', 110),
	(135, 5, 890, '2025-03-27', 0, 'unpaid', '2025-03-19 16:17:09', 165),
	(136, 6, 611, '2025-04-11', 0, 'unpaid', '2025-03-19 16:17:09', 95),
	(137, 8, 710, '2025-05-29', 0, 'unpaid', '2025-03-19 16:17:09', 126),
	(138, 9, 681, '2025-06-09', 0, 'unpaid', '2025-03-19 16:17:09', 116),
	(139, 2, 750, '2025-01-15', 0, 'unpaid', '2025-03-19 16:17:41', 121),
	(140, 4, 641, '2025-02-10', 0, 'unpaid', '2025-03-19 16:17:41', 95),
	(141, 5, 880, '2025-03-05', 0, 'unpaid', '2025-03-19 16:17:41', 181),
	(142, 6, 561, '2025-04-20', 0, 'unpaid', '2025-03-19 16:17:41', 70),
	(143, 8, 720, '2025-05-25', 0, 'unpaid', '2025-03-19 16:17:41', 141),
	(144, 9, 691, '2025-06-18', 0, 'unpaid', '2025-03-19 16:17:41', 110),
	(145, 2, 805, '2025-07-12', 0, 'unpaid', '2025-03-19 16:17:41', 151),
	(146, 4, 571, '2025-08-08', 0, 'unpaid', '2025-03-19 16:17:41', 90),
	(147, 5, 931, '2025-09-03', 0, 'unpaid', '2025-03-19 16:17:41', 190),
	(148, 6, 645, '2025-10-21', 0, 'unpaid', '2025-03-19 16:17:41', 105),
	(149, 8, 710, '2025-11-29', 0, 'unpaid', '2025-03-19 16:17:41', 136),
	(150, 9, 680, '2025-12-05', 0, 'unpaid', '2025-03-19 16:17:41', 116),
	(151, 2, 795, '2025-01-23', 0, 'unpaid', '2025-03-19 16:17:41', 146),
	(152, 4, 551, '2025-02-17', 0, 'unpaid', '2025-03-19 16:17:41', 85),
	(153, 5, 911, '2025-03-09', 0, 'unpaid', '2025-03-19 16:17:41', 175),
	(154, 6, 621, '2025-04-14', 0, 'unpaid', '2025-03-19 16:17:41', 96),
	(155, 8, 735, '2025-05-30', 0, 'unpaid', '2025-03-19 16:17:41', 131),
	(156, 9, 671, '2025-06-27', 0, 'unpaid', '2025-03-19 16:17:41', 125),
	(157, 2, 765, '2025-07-19', 0, 'unpaid', '2025-03-19 16:17:41', 140),
	(158, 4, 591, '2025-08-15', 0, 'unpaid', '2025-03-19 16:17:41', 111),
	(159, 5, 891, '2025-09-21', 0, 'unpaid', '2025-03-19 16:17:41', 160),
	(160, 6, 616, '2025-10-26', 0, 'unpaid', '2025-03-19 16:17:41', 90),
	(161, 8, 740, '2025-11-13', 0, 'unpaid', '2025-03-19 16:17:41', 145),
	(162, 9, 675, '2025-12-22', 0, 'unpaid', '2025-03-19 16:17:41', 101),
	(163, 2, 771, '2025-01-30', 0, 'unpaid', '2025-03-19 16:17:41', 155),
	(164, 4, 611, '2025-02-07', 0, 'unpaid', '2025-03-19 16:17:41', 121),
	(165, 5, 920, '2025-03-15', 0, 'unpaid', '2025-03-19 16:17:41', 186),
	(166, 6, 655, '2025-04-19', 0, 'unpaid', '2025-03-19 16:17:41', 115),
	(167, 8, 726, '2025-05-10', 0, 'unpaid', '2025-03-19 16:17:41', 135),
	(168, 9, 686, '2025-06-05', 0, 'unpaid', '2025-03-19 16:17:41', 110),
	(169, 2, 785, '2025-07-25', 0, 'unpaid', '2025-03-19 16:17:41', 146),
	(170, 4, 561, '2025-08-14', 0, 'unpaid', '2025-03-19 16:17:41', 95),
	(171, 5, 901, '2025-09-28', 0, 'unpaid', '2025-03-19 16:17:41', 176),
	(172, 6, 645, '2025-10-17', 0, 'unpaid', '2025-03-19 16:17:41', 106),
	(173, 8, 721, '2025-11-23', 0, 'unpaid', '2025-03-19 16:17:41', 126),
	(174, 9, 691, '2025-12-11', 0, 'unpaid', '2025-03-19 16:17:41', 105),
	(175, 2, 751, '2025-01-09', 0, 'unpaid', '2025-03-19 16:17:41', 130),
	(176, 4, 591, '2025-02-05', 0, 'unpaid', '2025-03-19 16:17:41', 101),
	(177, 5, 880, '2025-03-14', 0, 'unpaid', '2025-03-19 16:17:41', 170),
	(178, 6, 611, '2025-04-18', 0, 'unpaid', '2025-03-19 16:17:41', 96),
	(179, 8, 710, '2025-05-07', 0, 'unpaid', '2025-03-19 16:17:41', 136),
	(180, 9, 680, '2025-06-26', 0, 'unpaid', '2025-03-19 16:17:41', 115),
	(181, 2, 766, '2025-07-31', 0, 'unpaid', '2025-03-19 16:17:41', 140),
	(182, 4, 601, '2025-08-12', 0, 'unpaid', '2025-03-19 16:17:41', 110),
	(183, 5, 891, '2025-09-06', 0, 'unpaid', '2025-03-19 16:17:41', 175),
	(184, 6, 636, '2025-10-30', 0, 'unpaid', '2025-03-19 16:17:41', 100),
	(185, 8, 740, '2025-11-19', 0, 'unpaid', '2025-03-19 16:17:41', 131),
	(186, 9, 675, '2025-12-15', 0, 'unpaid', '2025-03-19 16:17:41', 106),
	(187, 2, 795, '2025-01-26', 0, 'unpaid', '2025-03-19 16:17:41', 150),
	(188, 4, 571, '2025-02-20', 0, 'unpaid', '2025-03-19 16:17:41', 86),
	(189, 5, 911, '2025-03-22', 0, 'unpaid', '2025-03-19 16:17:41', 181),
	(190, 6, 621, '2025-04-27', 0, 'unpaid', '2025-03-19 16:17:41', 96),
	(191, 8, 735, '2025-05-12', 0, 'unpaid', '2025-03-19 16:17:41', 126),
	(192, 9, 670, '2025-06-30', 0, 'unpaid', '2025-03-19 16:17:41', 115),
	(193, 2, 760, '2025-07-21', 0, 'unpaid', '2025-03-19 16:17:41', 141),
	(194, 4, 581, '2025-08-23', 0, 'unpaid', '2025-03-19 16:17:41', 90),
	(195, 5, 896, '2025-09-18', 0, 'unpaid', '2025-03-19 16:17:41', 166),
	(196, 6, 615, '2025-10-05', 0, 'unpaid', '2025-03-19 16:17:41', 91),
	(197, 8, 740, '2025-11-25', 0, 'unpaid', '2025-03-19 16:17:41', 135),
	(198, 9, 676, '2025-12-14', 0, 'unpaid', '2025-03-19 16:17:41', 111),
	(199, 2, 770, '2025-01-07', 0, 'unpaid', '2025-03-19 16:17:41', 145),
	(200, 4, 610, '2025-02-09', 0, 'unpaid', '2025-03-19 16:17:41', 121),
	(201, 5, 921, '2025-03-29', 0, 'unpaid', '2025-03-19 16:17:41', 190),
	(202, 6, 656, '2025-04-16', 0, 'unpaid', '2025-03-19 16:17:41', 116),
	(203, 8, 721, '2025-05-22', 0, 'unpaid', '2025-03-19 16:17:41', 125),
	(204, 9, 685, '2025-06-19', 0, 'unpaid', '2025-03-19 16:17:41', 111),
	(205, 2, 781, '2025-07-13', 0, 'unpaid', '2025-03-19 16:17:41', 151),
	(206, 4, 565, '2025-08-27', 0, 'unpaid', '2025-03-19 16:17:41', 91),
	(207, 5, 906, '2025-09-30', 0, 'unpaid', '2025-03-19 16:17:41', 176),
	(208, 6, 631, '2025-10-14', 0, 'unpaid', '2025-03-19 16:17:41', 101),
	(209, 8, 731, '2025-11-08', 0, 'unpaid', '2025-03-19 16:17:41', 136),
	(210, 9, 681, '2025-12-17', 0, 'unpaid', '2025-03-19 16:17:41', 110),
	(211, 2, 756, '2025-01-18', 0, 'unpaid', '2025-03-19 16:17:41', 140),
	(212, 4, 596, '2025-02-26', 0, 'unpaid', '2025-03-19 16:17:41', 110),
	(213, 5, 890, '2025-03-27', 0, 'unpaid', '2025-03-19 16:17:41', 165),
	(214, 6, 611, '2025-04-11', 0, 'unpaid', '2025-03-19 16:17:41', 95),
	(215, 8, 710, '2025-05-29', 0, 'unpaid', '2025-03-19 16:17:41', 126),
	(216, 9, 681, '2025-06-09', 0, 'unpaid', '2025-03-19 16:17:41', 116),
	(217, 2, 780, '2025-01-12', 0, 'unpaid', '2025-03-19 16:23:30', 145),
	(218, 4, 611, '2025-03-08', 0, 'unpaid', '2025-03-19 16:23:30', 111),
	(219, 5, 921, '2025-04-25', 0, 'unpaid', '2025-03-19 16:23:30', 181),
	(220, 6, 646, '2025-05-14', 0, 'unpaid', '2025-03-19 16:23:30', 120),
	(221, 8, 710, '2025-06-27', 0, 'unpaid', '2025-03-19 16:23:30', 131),
	(222, 9, 690, '2025-07-09', 0, 'unpaid', '2025-03-19 16:23:30', 116),
	(223, 2, 800, '2025-08-16', 0, 'unpaid', '2025-03-19 16:23:30', 151),
	(224, 4, 571, '2025-03-10', 0, 'unpaid', '2025-03-19 16:23:30', 95),
	(225, 5, 910, '2025-04-21', 0, 'unpaid', '2025-03-19 16:23:30', 175),
	(226, 6, 641, '2025-05-30', 0, 'unpaid', '2025-03-19 16:23:30', 101),
	(227, 8, 725, '2025-06-05', 0, 'unpaid', '2025-03-19 16:23:30', 135),
	(228, 9, 686, '2025-07-23', 0, 'unpaid', '2025-03-19 16:23:30', 110),
	(229, 2, 770, '2025-08-08', 0, 'unpaid', '2025-03-19 16:23:30', 140),
	(230, 4, 590, '2025-03-18', 0, 'unpaid', '2025-03-19 16:23:30', 101),
	(231, 5, 891, '2025-04-26', 0, 'unpaid', '2025-03-19 16:23:30', 160),
	(232, 6, 616, '2025-05-17', 0, 'unpaid', '2025-03-19 16:23:30', 96),
	(233, 8, 730, '2025-06-29', 0, 'unpaid', '2025-03-19 16:23:30', 141),
	(234, 9, 676, '2025-07-13', 0, 'unpaid', '2025-03-19 16:23:30', 111),
	(235, 2, 796, '2025-08-21', 0, 'unpaid', '2025-03-19 16:23:30', 150),
	(236, 4, 561, '2025-03-25', 0, 'unpaid', '2025-03-19 16:23:30', 91),
	(237, 5, 930, '2025-04-14', 0, 'unpaid', '2025-03-19 16:23:30', 191),
	(238, 6, 620, '2025-05-23', 0, 'unpaid', '2025-03-19 16:23:30', 95),
	(239, 8, 716, '2025-06-15', 0, 'unpaid', '2025-03-19 16:23:30', 131),
	(240, 9, 681, '2025-07-30', 0, 'unpaid', '2025-03-19 16:23:30', 106),
	(241, 2, 765, '2025-08-04', 0, 'unpaid', '2025-03-19 16:23:30', 145),
	(242, 4, 580, '2025-03-11', 0, 'unpaid', '2025-03-19 16:23:30', 96),
	(243, 5, 905, '2025-04-29', 0, 'unpaid', '2025-03-19 16:23:30', 171),
	(244, 6, 636, '2025-05-08', 0, 'unpaid', '2025-03-19 16:23:30', 100),
	(245, 8, 741, '2025-06-24', 0, 'unpaid', '2025-03-19 16:23:30', 146),
	(246, 9, 676, '2025-07-19', 0, 'unpaid', '2025-03-19 16:23:30', 111),
	(247, 2, 780, '2025-01-12', 0, 'unpaid', '2025-03-19 16:23:38', 145),
	(248, 4, 611, '2025-03-08', 0, 'unpaid', '2025-03-19 16:23:38', 111),
	(249, 5, 921, '2025-04-25', 0, 'unpaid', '2025-03-19 16:23:38', 181),
	(250, 6, 646, '2025-05-14', 0, 'unpaid', '2025-03-19 16:23:38', 120),
	(251, 8, 710, '2025-06-27', 0, 'unpaid', '2025-03-19 16:23:38', 131),
	(252, 9, 690, '2025-07-09', 0, 'unpaid', '2025-03-19 16:23:38', 116),
	(253, 2, 800, '2025-08-16', 0, 'unpaid', '2025-03-19 16:23:38', 151),
	(254, 4, 571, '2025-03-10', 0, 'unpaid', '2025-03-19 16:23:38', 95),
	(255, 5, 910, '2025-04-21', 0, 'unpaid', '2025-03-19 16:23:38', 175),
	(256, 6, 641, '2025-05-30', 0, 'unpaid', '2025-03-19 16:23:38', 101),
	(257, 8, 725, '2025-06-05', 0, 'unpaid', '2025-03-19 16:23:38', 135),
	(258, 9, 686, '2025-07-23', 0, 'unpaid', '2025-03-19 16:23:38', 110),
	(259, 2, 770, '2025-08-08', 0, 'unpaid', '2025-03-19 16:23:38', 140),
	(260, 4, 590, '2025-03-18', 0, 'unpaid', '2025-03-19 16:23:38', 101),
	(261, 5, 891, '2025-04-26', 0, 'unpaid', '2025-03-19 16:23:38', 160),
	(262, 6, 616, '2025-05-17', 0, 'unpaid', '2025-03-19 16:23:38', 96),
	(263, 8, 730, '2025-06-29', 0, 'unpaid', '2025-03-19 16:23:38', 141),
	(264, 9, 676, '2025-07-13', 0, 'unpaid', '2025-03-19 16:23:38', 111),
	(265, 2, 796, '2025-08-21', 0, 'unpaid', '2025-03-19 16:23:38', 150),
	(266, 4, 561, '2025-03-25', 0, 'unpaid', '2025-03-19 16:23:38', 91),
	(267, 5, 930, '2025-04-14', 0, 'unpaid', '2025-03-19 16:23:38', 191),
	(268, 6, 620, '2025-05-23', 0, 'unpaid', '2025-03-19 16:23:38', 95),
	(269, 8, 716, '2025-06-15', 0, 'unpaid', '2025-03-19 16:23:38', 131),
	(270, 9, 681, '2025-07-30', 0, 'unpaid', '2025-03-19 16:23:38', 106),
	(271, 2, 765, '2025-08-04', 0, 'unpaid', '2025-03-19 16:23:38', 145),
	(272, 4, 580, '2025-03-11', 0, 'unpaid', '2025-03-19 16:23:38', 96),
	(273, 5, 905, '2025-04-29', 0, 'unpaid', '2025-03-19 16:23:38', 171),
	(274, 6, 636, '2025-05-08', 0, 'unpaid', '2025-03-19 16:23:38', 100),
	(275, 8, 741, '2025-06-24', 0, 'unpaid', '2025-03-19 16:23:38', 146),
	(276, 9, 676, '2025-07-19', 0, 'unpaid', '2025-03-19 16:23:38', 111),
	(277, 2, 780, '2025-01-12', 0, 'unpaid', '2025-03-19 16:23:39', 145),
	(278, 4, 611, '2025-03-08', 0, 'unpaid', '2025-03-19 16:23:39', 111),
	(279, 5, 921, '2025-04-25', 0, 'unpaid', '2025-03-19 16:23:39', 181),
	(280, 6, 646, '2025-05-14', 0, 'unpaid', '2025-03-19 16:23:39', 120),
	(281, 8, 710, '2025-06-27', 0, 'unpaid', '2025-03-19 16:23:39', 131),
	(282, 9, 690, '2025-07-09', 0, 'unpaid', '2025-03-19 16:23:39', 116),
	(283, 2, 800, '2025-08-16', 0, 'unpaid', '2025-03-19 16:23:39', 151),
	(284, 4, 571, '2025-03-10', 0, 'unpaid', '2025-03-19 16:23:39', 95),
	(285, 5, 910, '2025-04-21', 0, 'unpaid', '2025-03-19 16:23:39', 175),
	(286, 6, 641, '2025-05-30', 0, 'unpaid', '2025-03-19 16:23:39', 101),
	(287, 8, 725, '2025-06-05', 0, 'unpaid', '2025-03-19 16:23:39', 135),
	(288, 9, 686, '2025-07-23', 0, 'unpaid', '2025-03-19 16:23:39', 110),
	(289, 2, 770, '2025-08-08', 0, 'unpaid', '2025-03-19 16:23:39', 140),
	(290, 4, 590, '2025-03-18', 0, 'unpaid', '2025-03-19 16:23:39', 101),
	(291, 5, 891, '2025-04-26', 0, 'unpaid', '2025-03-19 16:23:39', 160),
	(292, 6, 616, '2025-05-17', 0, 'unpaid', '2025-03-19 16:23:39', 96),
	(293, 8, 730, '2025-06-29', 0, 'unpaid', '2025-03-19 16:23:39', 141),
	(294, 9, 676, '2025-07-13', 0, 'unpaid', '2025-03-19 16:23:39', 111),
	(295, 2, 796, '2025-08-21', 0, 'unpaid', '2025-03-19 16:23:39', 150),
	(296, 4, 561, '2025-03-25', 0, 'unpaid', '2025-03-19 16:23:39', 91),
	(297, 5, 930, '2025-04-14', 0, 'unpaid', '2025-03-19 16:23:39', 191),
	(298, 6, 620, '2025-05-23', 0, 'unpaid', '2025-03-19 16:23:39', 95),
	(299, 8, 716, '2025-06-15', 0, 'unpaid', '2025-03-19 16:23:39', 131),
	(300, 9, 681, '2025-07-30', 0, 'unpaid', '2025-03-19 16:23:39', 106),
	(301, 2, 765, '2025-08-04', 0, 'unpaid', '2025-03-19 16:23:39', 145),
	(302, 4, 580, '2025-03-11', 0, 'unpaid', '2025-03-19 16:23:39', 96),
	(303, 5, 905, '2025-04-29', 0, 'unpaid', '2025-03-19 16:23:39', 171),
	(304, 6, 636, '2025-05-08', 0, 'unpaid', '2025-03-19 16:23:39', 100),
	(305, 8, 741, '2025-06-24', 0, 'unpaid', '2025-03-19 16:23:39', 146),
	(306, 9, 676, '2025-07-19', 0, 'unpaid', '2025-03-19 16:23:39', 111),
	(307, 2, 780, '2025-01-12', 0, 'unpaid', '2025-03-19 16:23:47', 145),
	(308, 4, 611, '2025-03-08', 0, 'unpaid', '2025-03-19 16:23:47', 111),
	(309, 5, 921, '2025-04-25', 0, 'unpaid', '2025-03-19 16:23:47', 181),
	(310, 6, 646, '2025-05-14', 0, 'unpaid', '2025-03-19 16:23:47', 120),
	(311, 8, 710, '2025-06-27', 0, 'unpaid', '2025-03-19 16:23:47', 131),
	(312, 9, 690, '2025-07-09', 0, 'unpaid', '2025-03-19 16:23:47', 116),
	(313, 2, 800, '2025-08-16', 0, 'unpaid', '2025-03-19 16:23:47', 151),
	(314, 4, 571, '2025-03-10', 0, 'unpaid', '2025-03-19 16:23:47', 95),
	(315, 5, 910, '2025-04-21', 0, 'unpaid', '2025-03-19 16:23:47', 175),
	(316, 6, 641, '2025-05-30', 0, 'unpaid', '2025-03-19 16:23:47', 101),
	(317, 8, 725, '2025-06-05', 0, 'unpaid', '2025-03-19 16:23:47', 135),
	(318, 9, 686, '2025-07-23', 0, 'unpaid', '2025-03-19 16:23:47', 110),
	(319, 2, 770, '2025-08-08', 0, 'unpaid', '2025-03-19 16:23:47', 140),
	(320, 4, 590, '2025-03-18', 0, 'unpaid', '2025-03-19 16:23:47', 101),
	(321, 5, 891, '2025-04-26', 0, 'unpaid', '2025-03-19 16:23:47', 160),
	(322, 6, 616, '2025-05-17', 0, 'unpaid', '2025-03-19 16:23:47', 96),
	(323, 8, 730, '2025-06-29', 0, 'unpaid', '2025-03-19 16:23:47', 141),
	(324, 9, 676, '2025-07-13', 0, 'unpaid', '2025-03-19 16:23:47', 111),
	(325, 2, 796, '2025-08-21', 0, 'unpaid', '2025-03-19 16:23:47', 150),
	(326, 4, 561, '2025-03-25', 0, 'unpaid', '2025-03-19 16:23:47', 91),
	(327, 5, 930, '2025-04-14', 0, 'unpaid', '2025-03-19 16:23:47', 191),
	(328, 6, 620, '2025-05-23', 0, 'unpaid', '2025-03-19 16:23:47', 95),
	(329, 8, 716, '2025-06-15', 0, 'unpaid', '2025-03-19 16:23:47', 131),
	(330, 9, 681, '2025-07-30', 0, 'unpaid', '2025-03-19 16:23:47', 106),
	(331, 2, 765, '2025-08-04', 0, 'unpaid', '2025-03-19 16:23:47', 145),
	(332, 4, 580, '2025-03-11', 0, 'unpaid', '2025-03-19 16:23:47', 96),
	(333, 5, 905, '2025-04-29', 0, 'unpaid', '2025-03-19 16:23:47', 171),
	(334, 6, 636, '2025-05-08', 0, 'unpaid', '2025-03-19 16:23:47', 100),
	(335, 8, 741, '2025-06-24', 0, 'unpaid', '2025-03-19 16:23:47', 146),
	(336, 9, 676, '2025-07-19', 0, 'unpaid', '2025-03-19 16:23:47', 111),
	(337, 2, 780, '2025-01-12', 0, 'unpaid', '2025-03-19 16:23:48', 145),
	(338, 4, 611, '2025-03-08', 0, 'unpaid', '2025-03-19 16:23:48', 111),
	(339, 5, 921, '2025-04-25', 0, 'unpaid', '2025-03-19 16:23:48', 181),
	(340, 6, 646, '2025-05-14', 0, 'unpaid', '2025-03-19 16:23:48', 120),
	(341, 8, 710, '2025-06-27', 0, 'unpaid', '2025-03-19 16:23:48', 131),
	(342, 9, 690, '2025-07-09', 0, 'unpaid', '2025-03-19 16:23:48', 116),
	(343, 2, 800, '2025-08-16', 0, 'unpaid', '2025-03-19 16:23:48', 151),
	(344, 4, 571, '2025-03-10', 0, 'unpaid', '2025-03-19 16:23:48', 95),
	(345, 5, 910, '2025-04-21', 0, 'unpaid', '2025-03-19 16:23:48', 175),
	(346, 6, 641, '2025-05-30', 0, 'unpaid', '2025-03-19 16:23:48', 101),
	(347, 8, 725, '2025-06-05', 0, 'unpaid', '2025-03-19 16:23:48', 135),
	(348, 9, 686, '2025-07-23', 0, 'unpaid', '2025-03-19 16:23:48', 110),
	(349, 2, 770, '2025-08-08', 0, 'unpaid', '2025-03-19 16:23:48', 140),
	(350, 4, 590, '2025-03-18', 0, 'unpaid', '2025-03-19 16:23:48', 101),
	(351, 5, 891, '2025-04-26', 0, 'unpaid', '2025-03-19 16:23:48', 160),
	(352, 6, 616, '2025-05-17', 0, 'unpaid', '2025-03-19 16:23:48', 96),
	(353, 8, 730, '2025-06-29', 0, 'unpaid', '2025-03-19 16:23:48', 141),
	(354, 9, 676, '2025-07-13', 0, 'unpaid', '2025-03-19 16:23:48', 111),
	(355, 2, 796, '2025-08-21', 0, 'unpaid', '2025-03-19 16:23:48', 150),
	(356, 4, 561, '2025-03-25', 0, 'unpaid', '2025-03-19 16:23:48', 91),
	(357, 5, 930, '2025-04-14', 0, 'unpaid', '2025-03-19 16:23:48', 191),
	(358, 6, 620, '2025-05-23', 0, 'unpaid', '2025-03-19 16:23:48', 95),
	(359, 8, 716, '2025-06-15', 0, 'unpaid', '2025-03-19 16:23:48', 131),
	(360, 9, 681, '2025-07-30', 0, 'unpaid', '2025-03-19 16:23:48', 106),
	(361, 2, 765, '2025-08-04', 0, 'unpaid', '2025-03-19 16:23:48', 145),
	(362, 4, 580, '2025-03-11', 0, 'unpaid', '2025-03-19 16:23:48', 96),
	(363, 5, 905, '2025-04-29', 0, 'unpaid', '2025-03-19 16:23:48', 171),
	(364, 6, 636, '2025-05-08', 0, 'unpaid', '2025-03-19 16:23:48', 100),
	(365, 8, 741, '2025-06-24', 0, 'unpaid', '2025-03-19 16:23:48', 146),
	(366, 9, 676, '2025-07-19', 0, 'unpaid', '2025-03-19 16:23:48', 111),
	(367, 2, 780, '2025-01-12', 0, 'unpaid', '2025-03-19 16:23:57', 145),
	(368, 4, 611, '2025-03-08', 0, 'unpaid', '2025-03-19 16:23:57', 111),
	(369, 5, 921, '2025-04-25', 0, 'unpaid', '2025-03-19 16:23:57', 181),
	(370, 6, 646, '2025-05-14', 0, 'unpaid', '2025-03-19 16:23:57', 120),
	(371, 8, 710, '2025-06-27', 0, 'unpaid', '2025-03-19 16:23:57', 131),
	(372, 9, 690, '2025-07-09', 0, 'unpaid', '2025-03-19 16:23:57', 116),
	(373, 2, 800, '2025-08-16', 0, 'unpaid', '2025-03-19 16:23:57', 151),
	(374, 4, 571, '2025-03-10', 0, 'unpaid', '2025-03-19 16:23:57', 95),
	(375, 5, 910, '2025-04-21', 0, 'unpaid', '2025-03-19 16:23:57', 175),
	(376, 6, 641, '2025-05-30', 0, 'unpaid', '2025-03-19 16:23:57', 101),
	(377, 8, 725, '2025-06-05', 0, 'unpaid', '2025-03-19 16:23:57', 135),
	(378, 9, 686, '2025-07-23', 0, 'unpaid', '2025-03-19 16:23:57', 110),
	(379, 2, 770, '2025-08-08', 0, 'unpaid', '2025-03-19 16:23:57', 140),
	(380, 4, 590, '2025-03-18', 0, 'unpaid', '2025-03-19 16:23:57', 101),
	(381, 5, 891, '2025-04-26', 0, 'unpaid', '2025-03-19 16:23:57', 160),
	(382, 6, 616, '2025-05-17', 0, 'unpaid', '2025-03-19 16:23:57', 96),
	(383, 8, 730, '2025-06-29', 0, 'unpaid', '2025-03-19 16:23:57', 141),
	(384, 9, 676, '2025-07-13', 0, 'unpaid', '2025-03-19 16:23:57', 111),
	(385, 2, 796, '2025-08-21', 0, 'unpaid', '2025-03-19 16:23:57', 150),
	(386, 4, 561, '2025-03-25', 0, 'unpaid', '2025-03-19 16:23:57', 91),
	(387, 5, 930, '2025-04-14', 0, 'unpaid', '2025-03-19 16:23:57', 191),
	(388, 6, 620, '2025-05-23', 0, 'unpaid', '2025-03-19 16:23:57', 95),
	(389, 8, 716, '2025-06-15', 0, 'unpaid', '2025-03-19 16:23:57', 131),
	(390, 9, 681, '2025-07-30', 0, 'unpaid', '2025-03-19 16:23:57', 106),
	(391, 2, 765, '2025-08-04', 0, 'unpaid', '2025-03-19 16:23:57', 145),
	(392, 4, 580, '2025-03-11', 0, 'unpaid', '2025-03-19 16:23:57', 96),
	(393, 5, 905, '2025-04-29', 0, 'unpaid', '2025-03-19 16:23:57', 171),
	(394, 6, 636, '2025-05-08', 0, 'unpaid', '2025-03-19 16:23:57', 100),
	(395, 8, 741, '2025-06-24', 0, 'unpaid', '2025-03-19 16:23:57', 146),
	(396, 9, 676, '2025-07-19', 0, 'unpaid', '2025-03-19 16:23:57', 111),
	(397, 2, 780, '2025-01-12', 0, 'unpaid', '2025-03-19 16:23:58', 145),
	(398, 4, 611, '2025-03-08', 0, 'unpaid', '2025-03-19 16:23:58', 111),
	(399, 5, 921, '2025-04-25', 0, 'unpaid', '2025-03-19 16:23:58', 181),
	(400, 6, 646, '2025-05-14', 0, 'unpaid', '2025-03-19 16:23:58', 120),
	(401, 8, 710, '2025-06-27', 0, 'unpaid', '2025-03-19 16:23:58', 131),
	(402, 9, 690, '2025-07-09', 0, 'unpaid', '2025-03-19 16:23:58', 116),
	(403, 2, 800, '2025-08-16', 0, 'unpaid', '2025-03-19 16:23:58', 151),
	(404, 4, 571, '2025-03-10', 0, 'unpaid', '2025-03-19 16:23:58', 95),
	(405, 5, 910, '2025-04-21', 0, 'unpaid', '2025-03-19 16:23:58', 175),
	(406, 6, 641, '2025-05-30', 0, 'unpaid', '2025-03-19 16:23:58', 101),
	(407, 8, 725, '2025-06-05', 0, 'unpaid', '2025-03-19 16:23:58', 135),
	(408, 9, 686, '2025-07-23', 0, 'unpaid', '2025-03-19 16:23:58', 110),
	(409, 2, 770, '2025-08-08', 0, 'unpaid', '2025-03-19 16:23:58', 140),
	(410, 4, 590, '2025-03-18', 0, 'unpaid', '2025-03-19 16:23:58', 101),
	(411, 5, 891, '2025-04-26', 0, 'unpaid', '2025-03-19 16:23:58', 160),
	(412, 6, 616, '2025-05-17', 0, 'unpaid', '2025-03-19 16:23:58', 96),
	(413, 8, 730, '2025-06-29', 0, 'unpaid', '2025-03-19 16:23:58', 141),
	(414, 9, 676, '2025-07-13', 0, 'unpaid', '2025-03-19 16:23:58', 111),
	(415, 2, 796, '2025-08-21', 0, 'unpaid', '2025-03-19 16:23:58', 150),
	(416, 4, 561, '2025-03-25', 0, 'unpaid', '2025-03-19 16:23:58', 91),
	(417, 5, 930, '2025-04-14', 0, 'unpaid', '2025-03-19 16:23:58', 191),
	(418, 6, 620, '2025-05-23', 0, 'unpaid', '2025-03-19 16:23:58', 95),
	(419, 8, 716, '2025-06-15', 0, 'unpaid', '2025-03-19 16:23:58', 131),
	(420, 9, 681, '2025-07-30', 0, 'unpaid', '2025-03-19 16:23:58', 106),
	(421, 2, 765, '2025-08-04', 0, 'unpaid', '2025-03-19 16:23:58', 145),
	(422, 4, 580, '2025-03-11', 0, 'unpaid', '2025-03-19 16:23:58', 96),
	(423, 5, 905, '2025-04-29', 0, 'unpaid', '2025-03-19 16:23:58', 171),
	(424, 6, 636, '2025-05-08', 0, 'unpaid', '2025-03-19 16:23:58', 100),
	(425, 8, 741, '2025-06-24', 0, 'unpaid', '2025-03-19 16:23:58', 146),
	(426, 9, 676, '2025-07-19', 0, 'unpaid', '2025-03-19 16:23:58', 111),
	(428, 10, 832, '2025-03-20', 0, 'unpaid', '2025-03-19 19:07:48', 270);

-- Dumping structure for table payroll.employees
CREATE TABLE IF NOT EXISTS `employees` (
  `employee_id` int NOT NULL AUTO_INCREMENT,
  `fullname` varchar(255) NOT NULL,
  `email` varchar(255) NOT NULL,
  `address` text CHARACTER SET utf8mb4 COLLATE utf8mb4_0900_ai_ci,
  `department_id` int DEFAULT NULL,
  `schedule_id` int DEFAULT NULL,
  `position_id` int DEFAULT NULL,
  `employee_type` varchar(100) DEFAULT NULL,
  `salary_rate` decimal(10,2) DEFAULT NULL,
  `hourly_rate` decimal(10,2) DEFAULT NULL,
  `date_hired` datetime DEFAULT CURRENT_TIMESTAMP,
  `employee_status` varchar(50) DEFAULT 'active',
  `created_at` timestamp NULL DEFAULT CURRENT_TIMESTAMP,
  `is_deleted` tinyint(1) DEFAULT '0',
  `gender` varchar(50) DEFAULT NULL,
  `contact_number` varchar(50) DEFAULT NULL,
  PRIMARY KEY (`employee_id`),
  UNIQUE KEY `email` (`email`),
  KEY `department_id` (`department_id`),
  KEY `schedule_id` (`schedule_id`),
  KEY `position_id` (`position_id`),
  CONSTRAINT `employees_ibfk_1` FOREIGN KEY (`department_id`) REFERENCES `departments` (`department_id`) ON DELETE SET NULL,
  CONSTRAINT `employees_ibfk_2` FOREIGN KEY (`schedule_id`) REFERENCES `schedules` (`schedule_id`) ON DELETE SET NULL,
  CONSTRAINT `employees_ibfk_3` FOREIGN KEY (`position_id`) REFERENCES `positions` (`position_id`) ON DELETE SET NULL
) ENGINE=InnoDB AUTO_INCREMENT=11 DEFAULT CHARSET=utf8mb4 COLLATE=utf8mb4_0900_ai_ci;

-- Dumping data for table payroll.employees: ~7 rows (approximately)
REPLACE INTO `employees` (`employee_id`, `fullname`, `email`, `address`, `department_id`, `schedule_id`, `position_id`, `employee_type`, `salary_rate`, `hourly_rate`, `date_hired`, `employee_status`, `created_at`, `is_deleted`, `gender`, `contact_number`) VALUES
	(2, 'John Erick Gofredo', 'johnerick.gofredo@yahoo.com', 'San Miguel St', 2, 6, 2, NULL, NULL, 120.00, '2025-02-11 20:21:58', 'active', '2025-02-11 12:21:58', 0, 'Male', '0921321321'),
	(4, 'Maria Santos', 'maria.santos@email.com', 'San Miguel', 2, 6, 2, NULL, NULL, 120.00, '2025-02-15 20:06:07', 'active', '2025-02-15 12:06:07', 0, 'Male', '0912345 6789'),
	(5, 'Juan Dela Cruz', 'juan.delacruz@email.com', 'San Miguel St', NULL, 6, 2, NULL, NULL, 2132.00, '2025-02-15 20:06:41', 'active', '2025-02-15 12:06:41', 0, 'Male', '09182345678'),
	(6, 'Anna Reyes', 'anna.reyes@email.com', 'San Miguel St', 2, 6, 2, NULL, NULL, 80.00, '2025-02-15 20:13:21', 'active', '2025-02-15 12:13:21', 0, 'Male', '09223456789'),
	(7, 'Pedro Garcia', 'pedro.garcia@email.com', 'San Miguel', 3, 6, 2, NULL, NULL, 55.00, '2025-02-15 20:14:00', 'active', '2025-02-15 12:14:00', 0, 'Male', '09324567890'),
	(8, 'Lucia Mendoza', 'lucia.mendoza@email.com', 'San Miguel St', 2, 6, 2, NULL, NULL, 65.00, '2025-02-15 20:15:14', 'active', '2025-02-15 12:15:14', 0, 'Male', '09176789012'),
	(9, 'Carlos Ramirez', 'carlos.ramirez@email.com', 'San Miguel', 2, 6, 2, NULL, NULL, 88.00, '2025-02-15 20:16:21', 'active', '2025-02-15 12:16:21', 0, 'Male', '09337890123'),
	(10, 'test', 'test@gmail.com', 'test', 3, 6, 2, NULL, NULL, 80.00, '2025-03-20 02:57:27', 'active', '2025-03-19 18:57:27', 0, 'Male', '231231132');

-- Dumping structure for table payroll.emp_allowances
CREATE TABLE IF NOT EXISTS `emp_allowances` (
  `emp_allowance_id` int NOT NULL AUTO_INCREMENT,
  `employee_id` int DEFAULT NULL,
  `allowance_id` int DEFAULT NULL,
  `is_deleted` tinyint(1) DEFAULT '0',
  `created_at` timestamp NULL DEFAULT CURRENT_TIMESTAMP,
  `emp_allowance_status` varchar(20) DEFAULT 'ON',
  PRIMARY KEY (`emp_allowance_id`),
  KEY `employee_id` (`employee_id`),
  KEY `allowance_id` (`allowance_id`),
  CONSTRAINT `emp_allowances_ibfk_1` FOREIGN KEY (`employee_id`) REFERENCES `employees` (`employee_id`),
  CONSTRAINT `emp_allowances_ibfk_2` FOREIGN KEY (`allowance_id`) REFERENCES `allowances` (`allowance_id`)
) ENGINE=InnoDB AUTO_INCREMENT=5 DEFAULT CHARSET=utf8mb4 COLLATE=utf8mb4_0900_ai_ci;

-- Dumping data for table payroll.emp_allowances: ~4 rows (approximately)
REPLACE INTO `emp_allowances` (`emp_allowance_id`, `employee_id`, `allowance_id`, `is_deleted`, `created_at`, `emp_allowance_status`) VALUES
	(1, 2, 2, 1, '2025-02-20 16:14:29', 'ON'),
	(2, 2, 2, 0, '2025-02-20 16:20:00', 'ON'),
	(3, 2, 4, 0, '2025-02-21 12:04:41', 'ON'),
	(4, 4, 2, 0, '2025-02-21 12:04:55', 'ON');

-- Dumping structure for table payroll.emp_deductions
CREATE TABLE IF NOT EXISTS `emp_deductions` (
  `emp_deduction_id` int NOT NULL AUTO_INCREMENT,
  `employee_id` int DEFAULT NULL,
  `deduction_id` int DEFAULT NULL,
  `is_deleted` tinyint(1) DEFAULT '0',
  `created_at` timestamp NULL DEFAULT CURRENT_TIMESTAMP,
  `emp_deduction_status` varchar(20) DEFAULT 'ON',
  PRIMARY KEY (`emp_deduction_id`),
  KEY `employee_id` (`employee_id`),
  KEY `deduction_id` (`deduction_id`),
  CONSTRAINT `emp_deductions_ibfk_1` FOREIGN KEY (`employee_id`) REFERENCES `employees` (`employee_id`),
  CONSTRAINT `emp_deductions_ibfk_2` FOREIGN KEY (`deduction_id`) REFERENCES `deductions` (`deduction_id`)
) ENGINE=InnoDB AUTO_INCREMENT=11 DEFAULT CHARSET=utf8mb4 COLLATE=utf8mb4_0900_ai_ci;

-- Dumping data for table payroll.emp_deductions: ~9 rows (approximately)
REPLACE INTO `emp_deductions` (`emp_deduction_id`, `employee_id`, `deduction_id`, `is_deleted`, `created_at`, `emp_deduction_status`) VALUES
	(1, 2, 1, 1, '2025-02-20 17:19:34', 'ON'),
	(2, 2, 1, 1, '2025-02-20 17:19:43', 'ON'),
	(3, 2, 1, 1, '2025-02-21 07:37:39', 'ON'),
	(4, 2, 1, 0, '2025-02-24 17:29:10', 'ON'),
	(5, 2, 3, 0, '2025-02-24 17:29:58', 'ON'),
	(6, 4, 1, 0, '2025-02-24 17:30:05', 'ON'),
	(7, 6, 3, 0, '2025-02-24 17:30:11', 'ON'),
	(8, 7, 1, 0, '2025-02-24 17:30:17', 'ON'),
	(9, 7, 2, 0, '2025-02-24 17:30:22', 'ON'),
	(10, 7, 3, 0, '2025-02-24 17:30:26', 'ON');

-- Dumping structure for table payroll.emp_payroll_allowances
CREATE TABLE IF NOT EXISTS `emp_payroll_allowances` (
  `emp_payroll_allowance_id` int NOT NULL AUTO_INCREMENT,
  `payroll_id` int DEFAULT NULL,
  `employee_id` int DEFAULT NULL,
  `allowance_id` int DEFAULT NULL,
  PRIMARY KEY (`emp_payroll_allowance_id`),
  KEY `payroll_id` (`payroll_id`),
  KEY `employee_id` (`employee_id`),
  KEY `allowance_id` (`allowance_id`),
  CONSTRAINT `emp_payroll_allowances_ibfk_1` FOREIGN KEY (`payroll_id`) REFERENCES `payrolls` (`payroll_id`),
  CONSTRAINT `emp_payroll_allowances_ibfk_2` FOREIGN KEY (`employee_id`) REFERENCES `employees` (`employee_id`),
  CONSTRAINT `emp_payroll_allowances_ibfk_3` FOREIGN KEY (`allowance_id`) REFERENCES `allowances` (`allowance_id`)
) ENGINE=InnoDB AUTO_INCREMENT=14 DEFAULT CHARSET=utf8mb4 COLLATE=utf8mb4_0900_ai_ci;

-- Dumping data for table payroll.emp_payroll_allowances: ~13 rows (approximately)
REPLACE INTO `emp_payroll_allowances` (`emp_payroll_allowance_id`, `payroll_id`, `employee_id`, `allowance_id`) VALUES
	(1, 12, 2, 2),
	(2, 13, 2, 2),
	(3, 13, 2, 4),
	(4, 13, 4, 2),
	(5, 14, 2, 2),
	(6, 14, 2, 4),
	(7, 14, 4, 2),
	(8, 15, 2, 2),
	(9, 15, 2, 4),
	(10, 15, 4, 2),
	(11, 16, 2, 2),
	(12, 16, 2, 4),
	(13, 16, 4, 2);

-- Dumping structure for table payroll.emp_payroll_deductions
CREATE TABLE IF NOT EXISTS `emp_payroll_deductions` (
  `emp_payroll_deduction_id` int NOT NULL AUTO_INCREMENT,
  `payroll_id` int DEFAULT NULL,
  `employee_id` int DEFAULT NULL,
  `deduction_id` int DEFAULT NULL,
  PRIMARY KEY (`emp_payroll_deduction_id`),
  KEY `payroll_id` (`payroll_id`),
  KEY `employee_id` (`employee_id`),
  KEY `deduction_id` (`deduction_id`),
  CONSTRAINT `emp_payroll_deductions_ibfk_1` FOREIGN KEY (`payroll_id`) REFERENCES `payrolls` (`payroll_id`),
  CONSTRAINT `emp_payroll_deductions_ibfk_2` FOREIGN KEY (`employee_id`) REFERENCES `employees` (`employee_id`),
  CONSTRAINT `emp_payroll_deductions_ibfk_3` FOREIGN KEY (`deduction_id`) REFERENCES `deductions` (`deduction_id`)
) ENGINE=InnoDB AUTO_INCREMENT=23 DEFAULT CHARSET=utf8mb4 COLLATE=utf8mb4_0900_ai_ci;

-- Dumping data for table payroll.emp_payroll_deductions: ~22 rows (approximately)
REPLACE INTO `emp_payroll_deductions` (`emp_payroll_deduction_id`, `payroll_id`, `employee_id`, `deduction_id`) VALUES
	(1, 12, 2, 1),
	(2, 14, 2, 1),
	(3, 14, 2, 3),
	(4, 14, 4, 1),
	(5, 14, 6, 3),
	(6, 14, 7, 1),
	(7, 14, 7, 2),
	(8, 14, 7, 3),
	(9, 15, 2, 1),
	(10, 15, 2, 3),
	(11, 15, 4, 1),
	(12, 15, 6, 3),
	(13, 15, 7, 1),
	(14, 15, 7, 2),
	(15, 15, 7, 3),
	(16, 16, 2, 1),
	(17, 16, 2, 3),
	(18, 16, 4, 1),
	(19, 16, 6, 3),
	(20, 16, 7, 1),
	(21, 16, 7, 2),
	(22, 16, 7, 3);

-- Dumping structure for table payroll.filed_leaves
CREATE TABLE IF NOT EXISTS `filed_leaves` (
  `file_leave_id` int NOT NULL AUTO_INCREMENT,
  `employee_id` int NOT NULL,
  `leave_id` int NOT NULL,
  `start_date` date NOT NULL,
  `end_date` date NOT NULL,
  `file_status` varchar(50) CHARACTER SET utf8mb4 COLLATE utf8mb4_0900_ai_ci NOT NULL DEFAULT 'pending',
  `reason` text,
  `created_at` timestamp NULL DEFAULT CURRENT_TIMESTAMP,
  `approved_by` int DEFAULT NULL,
  `is_deleted` tinyint(1) DEFAULT '0',
  PRIMARY KEY (`file_leave_id`),
  KEY `employee_id` (`employee_id`),
  KEY `leave_id` (`leave_id`),
  CONSTRAINT `filed_leaves_ibfk_1` FOREIGN KEY (`employee_id`) REFERENCES `employees` (`employee_id`) ON DELETE CASCADE,
  CONSTRAINT `filed_leaves_ibfk_2` FOREIGN KEY (`leave_id`) REFERENCES `leaves` (`leave_id`) ON DELETE CASCADE
) ENGINE=InnoDB AUTO_INCREMENT=6 DEFAULT CHARSET=utf8mb4 COLLATE=utf8mb4_0900_ai_ci;

-- Dumping data for table payroll.filed_leaves: ~3 rows (approximately)
REPLACE INTO `filed_leaves` (`file_leave_id`, `employee_id`, `leave_id`, `start_date`, `end_date`, `file_status`, `reason`, `created_at`, `approved_by`, `is_deleted`) VALUES
	(2, 2, 2, '2025-02-25', '2025-02-26', 'approved', 'Test', '2025-02-25 08:47:22', NULL, 0),
	(4, 2, 2, '2025-02-26', '2025-02-28', 'approved', 'test', '2025-02-25 17:29:28', NULL, 0),
	(5, 10, 1, '2025-03-20', '2025-03-25', 'pending', 'Test', '2025-03-19 21:05:00', NULL, 0);

-- Dumping structure for table payroll.holidays
CREATE TABLE IF NOT EXISTS `holidays` (
  `holiday_id` int NOT NULL AUTO_INCREMENT,
  `holiday_name` varchar(255) NOT NULL,
  `holiday_date` date NOT NULL,
  `rate` decimal(10,2) NOT NULL,
  `created_at` timestamp NULL DEFAULT CURRENT_TIMESTAMP,
  `is_deleted` tinyint(1) DEFAULT '0',
  PRIMARY KEY (`holiday_id`)
) ENGINE=InnoDB AUTO_INCREMENT=3 DEFAULT CHARSET=utf8mb4 COLLATE=utf8mb4_0900_ai_ci;

-- Dumping data for table payroll.holidays: ~0 rows (approximately)
REPLACE INTO `holidays` (`holiday_id`, `holiday_name`, `holiday_date`, `rate`, `created_at`, `is_deleted`) VALUES
	(2, 'Test Holiday', '2025-03-20', 130.00, '2025-03-19 14:26:17', 0);

-- Dumping structure for table payroll.leaves
CREATE TABLE IF NOT EXISTS `leaves` (
  `leave_id` int NOT NULL AUTO_INCREMENT,
  `leave_name` varchar(255) NOT NULL,
  `created_at` timestamp NULL DEFAULT CURRENT_TIMESTAMP,
  `status` varchar(50) DEFAULT NULL,
  `description` text,
  `is_deleted` tinyint(1) DEFAULT '0',
  PRIMARY KEY (`leave_id`)
) ENGINE=InnoDB AUTO_INCREMENT=3 DEFAULT CHARSET=utf8mb4 COLLATE=utf8mb4_0900_ai_ci;

-- Dumping data for table payroll.leaves: ~2 rows (approximately)
REPLACE INTO `leaves` (`leave_id`, `leave_name`, `created_at`, `status`, `description`, `is_deleted`) VALUES
	(1, 'Sick Leave', '2025-02-13 06:45:46', NULL, NULL, 0),
	(2, 'Vacation Leave', '2025-02-13 06:45:58', NULL, NULL, 0);

-- Dumping structure for table payroll.payrolls
CREATE TABLE IF NOT EXISTS `payrolls` (
  `payroll_id` int NOT NULL AUTO_INCREMENT,
  `payroll_type` varchar(50) DEFAULT NULL,
  `is_deleted` tinyint(1) DEFAULT '0',
  `created_at` timestamp NULL DEFAULT CURRENT_TIMESTAMP,
  `start_date` date NOT NULL,
  `end_date` date NOT NULL,
  `payroll_status` varchar(20) DEFAULT 'pending',
  `pay_date` date DEFAULT NULL,
  PRIMARY KEY (`payroll_id`)
) ENGINE=InnoDB AUTO_INCREMENT=17 DEFAULT CHARSET=utf8mb4 COLLATE=utf8mb4_0900_ai_ci;

-- Dumping data for table payroll.payrolls: ~4 rows (approximately)
REPLACE INTO `payrolls` (`payroll_id`, `payroll_type`, `is_deleted`, `created_at`, `start_date`, `end_date`, `payroll_status`, `pay_date`) VALUES
	(12, 'ALL EMPLOYEES', 1, '2025-02-21 07:38:01', '2025-02-01', '2025-02-20', 'pending', '2025-02-21'),
	(13, 'ALL EMPLOYEES', 1, '2025-02-23 13:16:50', '2025-02-01', '2025-02-18', 'pending', '2025-02-23'),
	(14, 'ALL EMPLOYEES', 1, '2025-02-24 17:31:58', '2025-02-01', '2025-02-20', 'pending', '2025-02-21'),
	(15, 'ALL EMPLOYEES', 1, '2025-02-24 18:15:08', '2025-02-01', '2025-02-20', 'pending', '2025-02-21'),
	(16, 'ALL EMPLOYEES', 0, '2025-02-25 09:05:45', '2025-02-01', '2025-02-20', 'pending', '2025-02-21');

-- Dumping structure for table payroll.positions
CREATE TABLE IF NOT EXISTS `positions` (
  `position_id` int NOT NULL AUTO_INCREMENT,
  `position_name` varchar(255) NOT NULL,
  `created_at` timestamp NULL DEFAULT CURRENT_TIMESTAMP,
  `is_deleted` tinyint(1) DEFAULT '0',
  `department_id` int DEFAULT NULL,
  PRIMARY KEY (`position_id`),
  KEY `fk_department` (`department_id`),
  CONSTRAINT `fk_department` FOREIGN KEY (`department_id`) REFERENCES `departments` (`department_id`)
) ENGINE=InnoDB AUTO_INCREMENT=3 DEFAULT CHARSET=utf8mb4 COLLATE=utf8mb4_0900_ai_ci;

-- Dumping data for table payroll.positions: ~0 rows (approximately)
REPLACE INTO `positions` (`position_id`, `position_name`, `created_at`, `is_deleted`, `department_id`) VALUES
	(2, 'TESTS', '2025-02-07 23:47:26', 0, 2);

-- Dumping structure for table payroll.reports
CREATE TABLE IF NOT EXISTS `reports` (
  `report_id` int NOT NULL AUTO_INCREMENT,
  `report_type` varchar(255) DEFAULT NULL,
  `created_at` datetime DEFAULT CURRENT_TIMESTAMP,
  `is_deleted` tinyint(1) DEFAULT '0',
  PRIMARY KEY (`report_id`)
) ENGINE=InnoDB AUTO_INCREMENT=5 DEFAULT CHARSET=utf8mb4 COLLATE=utf8mb4_0900_ai_ci;

-- Dumping data for table payroll.reports: ~2 rows (approximately)
REPLACE INTO `reports` (`report_id`, `report_type`, `created_at`, `is_deleted`) VALUES
	(3, 'All Employees', '2025-03-08 20:47:04', 0),
	(4, 'All Employees', '2025-02-19 15:55:33', 1);

-- Dumping structure for table payroll.schedules
CREATE TABLE IF NOT EXISTS `schedules` (
  `schedule_id` int NOT NULL AUTO_INCREMENT,
  `schedule_name` varchar(255) NOT NULL,
  `time_start` time DEFAULT NULL,
  `time_end` time DEFAULT NULL,
  `created_at` timestamp NULL DEFAULT CURRENT_TIMESTAMP,
  `is_deleted` tinyint(1) DEFAULT '0',
  PRIMARY KEY (`schedule_id`)
) ENGINE=InnoDB AUTO_INCREMENT=7 DEFAULT CHARSET=utf8mb4 COLLATE=utf8mb4_0900_ai_ci;

-- Dumping data for table payroll.schedules: ~1 rows (approximately)
REPLACE INTO `schedules` (`schedule_id`, `schedule_name`, `time_start`, `time_end`, `created_at`, `is_deleted`) VALUES
	(6, 'dsa', '08:00:00', '17:00:00', '2025-02-07 23:54:32', 0);

-- Dumping structure for table payroll.users
CREATE TABLE IF NOT EXISTS `users` (
  `id` int NOT NULL AUTO_INCREMENT,
  `user_email` varchar(255) NOT NULL,
  `user_password` varchar(255) NOT NULL,
  `created_at` timestamp NULL DEFAULT CURRENT_TIMESTAMP,
  `is_deleted` tinyint(1) DEFAULT '0',
  `user_type` varchar(50) DEFAULT NULL,
  `user_status` enum('Enable','Disable') DEFAULT 'Enable',
  PRIMARY KEY (`id`),
  UNIQUE KEY `user_email` (`user_email`)
) ENGINE=InnoDB AUTO_INCREMENT=16 DEFAULT CHARSET=utf8mb4 COLLATE=utf8mb4_0900_ai_ci;

-- Dumping data for table payroll.users: ~7 rows (approximately)
REPLACE INTO `users` (`id`, `user_email`, `user_password`, `created_at`, `is_deleted`, `user_type`, `user_status`) VALUES
	(1, 'test@gmail.com', '$2y$10$13mJYH2KQNHjJg9st..LsuJs.n2hT0nApSFm2qhPUTbeRORb8Uv8G', '2025-02-12 03:41:17', 1, 'admin', 'Enable'),
	(5, 'test2@gmail.com', '$2y$10$LCtlCB.gkjF9pRZxDTQxS.0BpKvZwUPaf5cw.WDxyhFVMwZnvXufy', '2025-03-20 16:08:58', 1, 'admin', 'Enable'),
	(7, 'admin@gmail.com', '$2y$10$nB7f/YwX/3OS1SiFQmb6/epDqCowj14lTlJGSKNUI.UcB4u5Xajfm', '2025-03-20 16:10:32', 1, 'hr', 'Enable'),
	(8, 'johnerickgofredo163@gmail.com', '$2y$10$ZHrfEKpIQ2/GpuHvVqkIVufd7PINM6vN3YUCCaKfPzBqPDG9eyUl2', '2025-03-20 16:57:08', 1, 'admin', 'Enable'),
	(9, 'as@gmail.com', '$2y$10$I51/dFGWAJvRFop/9blhUe1ryja4C5p1UJaDPWyJT82sGZrY1dVv.', '2025-03-20 16:58:15', 1, 'admin', 'Enable'),
	(10, '3@gmail.com', '$2y$10$3j/HDYd8bH6cxDX0TvofeeFEZU2B1kw8x2CqlC8i2bqLLVSwO6iRK', '2025-03-20 16:59:11', 1, 'admin', 'Enable'),
	(11, 'last@gmail.com', '$2y$10$.f.3sKzqcG6V7xQ43fsoNObNQEP/7Bw7OIxCIJ3R2s9E22aq1d95S', '2025-03-20 16:59:40', 1, 'admin', 'Enable'),
	(12, 'k@gmail.com', '$2y$10$8VRrura5iaaY9Bn.7kDASegjvZuCGgmS4N.A4mUCy4oTEIGOu7cha', '2025-03-20 18:50:09', 1, 'hr', 'Enable'),
	(13, 'johndoe@mail.com', '$2y$10$cIURI2GysfT2aXDAncPqgeiZVgu.SzxKETWvJIOeoWi4tWBHJsi6C', '2025-03-21 16:05:52', 1, 'admin', 'Enable'),
	(14, 'bobsmith@gmail.com', '$2y$10$S/2Vlw9VypLhKOqOAKzk8O44FMDN0W1wkWWvdeRBKS8nJ3vCMs6z6', '2025-03-21 16:06:49', 0, 'hr', 'Enable'),
	(15, 'johndoe@gmail.com', '$2y$10$bWEh68.cKmQqmk0ZxbF8ZO3.kSetGCqUL4k5w19HNo3vnQPPd43Fu', '2025-03-21 16:35:34', 0, 'admin', 'Enable');

/*!40103 SET TIME_ZONE=IFNULL(@OLD_TIME_ZONE, 'system') */;
/*!40101 SET SQL_MODE=IFNULL(@OLD_SQL_MODE, '') */;
/*!40014 SET FOREIGN_KEY_CHECKS=IFNULL(@OLD_FOREIGN_KEY_CHECKS, 1) */;
/*!40101 SET CHARACTER_SET_CLIENT=@OLD_CHARACTER_SET_CLIENT */;
/*!40111 SET SQL_NOTES=IFNULL(@OLD_SQL_NOTES, 1) */;
